Date,Adj Close,Close,High,Low,Open,Volume
2020-01-02,72.27155303955078,75.0875015258789,75.1500015258789,73.79750061035156,74.05999755859375,135480400
2020-01-03,71.56892395019531,74.35749816894531,75.1449966430664,74.125,74.2874984741211,146322800
2020-01-06,72.13921356201172,74.94999694824219,74.98999786376953,73.1875,73.44750213623047,118387200
2020-01-07,71.7999267578125,74.59750366210938,75.2249984741211,74.37000274658203,74.95999908447266,108872000
2020-01-08,72.95492553710938,75.79750061035156,76.11000061035156,74.29000091552734,74.29000091552734,132079200
2020-01-09,74.50454711914062,77.40750122070312,77.60749816894531,76.55000305175781,76.80999755859375,170108400
2020-01-10,74.67298126220703,77.5824966430664,78.1675033569336,77.0625,77.6500015258789,140644800
2020-01-13,76.26831817626953,79.23999786376953,79.26750183105469,77.7874984741211,77.91000366210938,121532000
2020-01-14,75.23841857910156,78.16999816894531,79.39250183105469,78.0425033569336,79.17500305175781,161954400
2020-01-15,74.91602325439453,77.83499908447266,78.875,77.38749694824219,77.9625015258789,121923600
2020-01-16,75.85445404052734,78.80999755859375,78.92500305175781,78.02249908447266,78.39749908447266,108829200
2020-01-17,76.6942367553711,79.68250274658203,79.68499755859375,78.75,79.06749725341797,137816400
2020-01-21,76.1744613647461,79.14250183105469,79.75499725341797,79.0,79.29750061035156,110843200
2020-01-22,76.44637298583984,79.42500305175781,79.99749755859375,79.32749938964844,79.6449966430664,101832400
2020-01-23,76.81455993652344,79.80750274658203,79.88999938964844,78.9124984741211,79.4800033569336,104472000
2020-01-24,76.5931625366211,79.57749938964844,80.8324966430664,79.37999725341797,80.0625,146537600
2020-01-27,74.34089660644531,77.23750305175781,77.94249725341797,76.22000122070312,77.51499938964844,161940000
2020-01-28,76.44397735595703,79.42250061035156,79.5999984741211,78.04750061035156,78.1500015258789,162234000
2020-01-29,78.04411315917969,81.08499908447266,81.9625015258789,80.34500122070312,81.11250305175781,216229200
2020-01-30,77.9310302734375,80.96749877929688,81.02249908447266,79.6875,80.13500213623047,126743200
2020-01-31,74.47567749023438,77.37750244140625,80.66999816894531,77.07250213623047,80.23249816894531,199588400
2020-02-03,74.2711181640625,77.16500091552734,78.37249755859375,75.55500030517578,76.07499694824219,173788400
2020-02-04,76.72310638427734,79.7125015258789,79.91000366210938,78.40750122070312,78.82749938964844,136616400
2020-02-05,77.34870910644531,80.36250305175781,81.19000244140625,79.73750305175781,80.87999725341797,118826800
2020-02-06,78.25344848632812,81.30249786376953,81.30500030517578,80.06500244140625,80.64250183105469,105425600
2020-02-07,77.18980407714844,80.00749969482422,80.8499984741211,79.5,80.59249877929688,117684000
2020-02-10,77.55638885498047,80.38749694824219,80.38749694824219,78.4625015258789,78.54499816894531,109348800
2020-02-11,77.0884780883789,79.90249633789062,80.9749984741211,79.67749786376953,80.9000015258789,94323200
2020-02-12,78.9191665649414,81.80000305175781,81.80500030517578,80.36750030517578,80.36750030517578,113730400
2020-02-13,78.357177734375,81.21749877929688,81.55500030517578,80.8375015258789,81.04750061035156,94747600
2020-02-14,78.3764877319336,81.23750305175781,81.49500274658203,80.7125015258789,81.18499755859375,80113600
2020-02-18,76.94135284423828,79.75,79.9375,78.65249633789062,78.83999633789062,152531200
2020-02-19,78.05567932128906,80.90499877929688,81.14250183105469,80.0,80.0,93984000
2020-02-20,77.2549057006836,80.07499694824219,81.1624984741211,79.55249786376953,80.65750122070312,100566000
2020-02-21,75.50626373291016,78.26249694824219,80.11250305175781,77.625,79.65499877929688,129554000
2020-02-24,71.91966247558594,74.54499816894531,76.04499816894531,72.30750274658203,74.31500244140625,222195200
2020-02-25,69.48358154296875,72.0199966430664,75.63249969482422,71.53250122070312,75.23750305175781,230673600
2020-02-26,70.58586120605469,73.1624984741211,74.47000122070312,71.625,71.63249969482422,198054800
2020-02-27,65.97178649902344,68.37999725341797,71.5,68.23999786376953,70.2750015258789,320605600
2020-02-28,65.93319702148438,68.33999633789062,69.60250091552734,64.09249877929688,64.31500244140625,426510000
2020-03-02,72.07161712646484,74.70249938964844,75.36000061035156,69.43000030517578,70.56999969482422,341397200
2020-03-03,69.78266906738281,72.33000183105469,76.0,71.44999694824219,75.9175033569336,319475600
2020-03-04,73.01952362060547,75.68499755859375,75.8499984741211,73.28250122070312,74.11000061035156,219178400
2020-03-05,70.65099334716797,73.2300033569336,74.88749694824219,72.85250091552734,73.87999725341797,187572800
2020-03-06,69.71271514892578,72.25749969482422,72.70500183105469,70.30750274658203,70.5,226176800
2020-03-09,64.19901275634766,66.5425033569336,69.52249908447266,65.75,65.9375,286744800
2020-03-10,68.8227310180664,71.33499908447266,71.61000061035156,67.34249877929688,69.28500366210938,285290000
2020-03-11,66.4324722290039,68.85749816894531,70.30500030517578,67.96499633789062,69.34750366210938,255598800
2020-03-12,59.871952056884766,62.057498931884766,67.5,62.0,63.98500061035156,418474000
2020-03-13,67.04512023925781,69.49250030517578,69.9800033569336,63.23749923706055,66.22250366210938,370732000
2020-03-16,58.41996765136719,60.5525016784668,64.7699966430664,60.0,60.48749923706055,322423600
2020-03-17,60.98868942260742,63.21500015258789,64.40249633789062,59.599998474121094,61.877498626708984,324056000
2020-03-18,59.49570083618164,61.66749954223633,62.5,59.279998779296875,59.942501068115234,300233600
2020-03-19,59.03982925415039,61.19499969482422,63.209999084472656,60.65250015258789,61.84749984741211,271857200
2020-03-20,55.291664123535156,57.310001373291016,62.95750045776367,57.0,61.79499816894531,401693200
2020-03-23,54.117034912109375,56.092498779296875,57.125,53.15250015258789,57.02000045776367,336752800
2020-03-24,59.54634094238281,61.720001220703125,61.92250061035156,58.57500076293945,59.09000015258789,287531200
2020-03-25,59.218318939208984,61.380001068115234,64.5625,61.07500076293945,62.6875,303602000
2020-03-26,62.334564208984375,64.61000061035156,64.66999816894531,61.59000015258789,61.630001068115234,252087200
2020-03-27,59.75377655029297,61.935001373291016,63.967498779296875,61.76250076293945,63.1875,204216800
2020-03-30,61.45902633666992,63.70249938964844,63.880001068115234,62.349998474121094,62.685001373291016,167976400
2020-03-31,61.33359909057617,63.5724983215332,65.62249755859375,63.0,63.900001525878906,197002000
2020-04-01,58.10640335083008,60.227500915527344,62.18000030517578,59.782501220703125,61.625,176218400
2020-04-02,59.07600784301758,61.23249816894531,61.287498474121094,59.224998474121094,60.084999084472656,165934000
2020-04-03,58.22700500488281,60.352500915527344,61.42499923706055,59.74250030517578,60.70000076293945,129880000
2020-04-06,63.306575775146484,65.61750030517578,65.77749633789062,62.345001220703125,62.724998474121094,201820400
2020-04-07,62.57334518432617,64.85749816894531,67.92500305175781,64.75,67.69999694824219,202887200
2020-04-08,64.17488098144531,66.51750183105469,66.84249877929688,65.30750274658203,65.68499755859375,168895200
2020-04-09,64.63798522949219,66.99749755859375,67.51750183105469,66.17500305175781,67.17500305175781,161834800
2020-04-13,65.90666961669922,68.3125,68.42500305175781,66.4574966430664,67.07749938964844,131022800
2020-04-14,69.23515319824219,71.76249694824219,72.0625,69.51249694824219,70.0,194994800
2020-04-15,68.60323333740234,71.10749816894531,71.5824966430664,70.15750122070312,70.5999984741211,131154400
2020-04-16,69.1483383178711,71.67250061035156,72.05000305175781,70.5875015258789,71.84500122070312,157125200
2020-04-17,68.21007537841797,70.69999694824219,71.73750305175781,69.21499633789062,71.17250061035156,215250000
2020-04-20,66.79425811767578,69.23249816894531,70.41999816894531,69.2125015258789,69.48750305175781,130015200
2020-04-21,64.72962951660156,67.09249877929688,69.3125,66.35749816894531,69.06999969482422,180991600
2020-04-22,66.59406280517578,69.0250015258789,69.4749984741211,68.05000305175781,68.40249633789062,116862400
2020-04-23,66.33602142333984,68.75749969482422,70.4375,68.71749877929688,68.96749877929688,124814400
2020-04-24,68.25108337402344,70.74250030517578,70.75250244140625,69.25,69.30000305175781,126161200
2020-04-27,68.29931640625,70.7925033569336,71.13500213623047,69.98750305175781,70.44999694824219,117087600
2020-04-28,67.19223022460938,69.6449966430664,71.4574966430664,69.55000305175781,71.2699966430664,112004800
2020-04-29,69.399169921875,71.93250274658203,72.4175033569336,70.97250366210938,71.18250274658203,137280800
2020-04-30,70.86322784423828,73.44999694824219,73.63249969482422,72.0875015258789,72.48999786376953,183064000
2020-05-01,69.72237396240234,72.26750183105469,74.75,71.4625015258789,71.5625,240616800
2020-05-04,70.70887756347656,73.29000091552734,73.42250061035156,71.58000183105469,72.2925033569336,133568000
2020-05-05,71.77014923095703,74.38999938964844,75.25,73.61499786376953,73.76499938964844,147751200
2020-05-06,72.5105972290039,75.15750122070312,75.80999755859375,74.71749877929688,75.11499786376953,142333600
2020-05-07,73.26071166992188,75.93499755859375,76.2925033569336,75.49250030517578,75.80500030517578,115215200
2020-05-08,75.00444793701172,77.53250122070312,77.5875015258789,76.07250213623047,76.41000366210938,133838400
2020-05-11,76.18467712402344,78.75250244140625,79.26249694824219,76.80999755859375,77.0250015258789,145946400
2020-05-12,75.31403350830078,77.85250091552734,79.92250061035156,77.72750091552734,79.4574966430664,162301200
2020-05-13,74.40463256835938,76.9124984741211,78.98750305175781,75.80249786376953,78.0374984741211,200622400
2020-05-14,74.86177062988281,77.38500213623047,77.44750213623047,75.38249969482422,76.12750244140625,158929200
2020-05-15,74.41917419433594,76.92749786376953,76.9749984741211,75.05249786376953,75.0875015258789,166348400
2020-05-18,76.17257690429688,78.73999786376953,79.125,77.58000183105469,78.2925033569336,135178400
2020-05-19,75.73239135742188,78.28500366210938,79.62999725341797,78.25250244140625,78.75749969482422,101729600
2020-05-20,77.20527648925781,79.80750274658203,79.87999725341797,79.12999725341797,79.16999816894531,111504800
2020-05-21,76.62966918945312,79.2125015258789,80.22250366210938,78.96749877929688,79.66500091552734,102688800
2020-05-22,77.1230239868164,79.72250366210938,79.80750274658203,78.8375015258789,78.94249725341797,81803200
2020-05-26,76.60063171386719,79.18250274658203,81.05999755859375,79.125,80.875,125522000
2020-05-27,76.93439483642578,79.52749633789062,79.67749786376953,78.27249908447266,79.03500366210938,112945200
2020-05-28,76.96826171875,79.5625,80.86000061035156,78.90750122070312,79.19249725341797,133560800
2020-05-29,76.89327239990234,79.48500061035156,80.2874984741211,79.11750030517578,79.8125,153532400
2020-06-01,77.83891296386719,80.4625015258789,80.5875015258789,79.30249786376953,79.4375,80791200
2020-06-02,78.19927978515625,80.83499908447266,80.86000061035156,79.73249816894531,80.1875,87642800
2020-06-03,78.62975311279297,81.27999877929688,81.55000305175781,80.57499694824219,81.16500091552734,104491200
2020-06-04,77.95257568359375,80.58000183105469,81.40499877929688,80.19499969482422,81.09750366210938,87560400
2020-06-05,80.17274475097656,82.875,82.9375,80.80750274658203,80.8375015258789,137250400
2020-06-08,80.6467514038086,83.36499786376953,83.4000015258789,81.83000183105469,82.5625,95654400
2020-06-09,83.19341278076172,85.99749755859375,86.40249633789062,83.00250244140625,83.03500366210938,147712400
2020-06-10,85.33380126953125,88.20999908447266,88.69249725341797,86.52249908447266,86.9749984741211,166651600
2020-06-11,81.23685455322266,83.9749984741211,87.76499938964844,83.87000274658203,87.32749938964844,201662400
2020-06-12,81.938232421875,84.69999694824219,86.94999694824219,83.55500030517578,86.18000030517578,200146000
2020-06-15,82.95159149169922,85.74749755859375,86.41999816894531,83.1449966430664,83.3125,138808800
2020-06-16,85.14998626708984,88.0199966430664,88.30000305175781,86.18000030517578,87.86499786376953,165428800
2020-06-17,85.0314712524414,87.89749908447266,88.8499984741211,87.77249908447266,88.7874984741211,114406400
2020-06-18,85.06534576416016,87.93250274658203,88.36250305175781,87.30500030517578,87.85250091552734,96820400
2020-06-19,84.5792236328125,87.43000030517578,89.13999938964844,86.2874984741211,88.66000366210938,264476000
2020-06-22,86.7921371459961,89.71749877929688,89.86499786376953,87.7874984741211,87.83499908447266,135445200
2020-06-23,88.64469909667969,91.63249969482422,93.09500122070312,90.56749725341797,91.0,212155600
2020-06-24,87.07994079589844,90.01499938964844,92.19750213623047,89.62999725341797,91.25,192623200
2020-06-25,88.23596954345703,91.20999908447266,91.25,89.39250183105469,90.17500305175781,137522400
2020-06-26,85.52484893798828,88.40750122070312,91.33000183105469,88.25499725341797,91.10250091552734,205256800
2020-06-29,87.49593353271484,90.44499969482422,90.5425033569336,87.81999969482422,88.3125,130646000
2020-06-30,88.22628021240234,91.19999694824219,91.49500274658203,90.0,90.0199966430664,140223200
2020-07-01,88.05941772460938,91.02749633789062,91.83999633789062,90.97750091552734,91.27999877929688,110737200
2020-07-02,88.05941772460938,91.02749633789062,92.61750030517578,90.91000366210938,91.9625015258789,114041600
2020-07-06,90.41503143310547,93.4625015258789,93.94499969482422,92.46749877929688,92.5,118655600
2020-07-07,90.13448333740234,93.17250061035156,94.65499877929688,93.05750274658203,93.85250091552734,112424400
2020-07-08,92.2337417602539,95.34249877929688,95.375,94.08999633789062,94.18000030517578,117092000
2020-07-09,92.63035583496094,95.75250244140625,96.31749725341797,94.67250061035156,96.26249694824219,125642800
2020-07-10,92.79241180419922,95.91999816894531,95.9800033569336,94.70500183105469,95.33499908447266,90257200
2020-07-13,92.36431884765625,95.47750091552734,99.95500183105469,95.25749969482422,97.26499938964844,191649200
2020-07-14,93.89281463623047,97.05750274658203,97.25499725341797,93.87750244140625,94.83999633789062,170989200
2020-07-15,94.53852081298828,97.7249984741211,99.24749755859375,96.48999786376953,98.98999786376953,153198000
2020-07-16,93.37522888183594,96.52249908447266,97.40499877929688,95.90499877929688,96.5625,110577600
2020-07-17,93.1866226196289,96.32749938964844,97.14749908447266,95.83999633789062,96.98750305175781,92186800
2020-07-20,95.1504135131836,98.35749816894531,98.5,96.0625,96.4175033569336,90318000
2020-07-21,93.83717346191406,97.0,99.25,96.74250030517578,99.17250061035156,103433200
2020-07-22,94.10079193115234,97.27249908447266,97.9749984741211,96.60250091552734,96.69249725341797,89001600
2020-07-23,89.81763458251953,92.84500122070312,97.07749938964844,92.01000213623047,96.99749755859375,197004400
2020-07-24,89.59516143798828,92.61499786376953,92.97000122070312,89.1449966430664,90.98750305175781,185438800
2020-07-27,91.71858215332031,94.80999755859375,94.90499877929688,93.4800033569336,93.70999908447266,121214000
2020-07-28,90.21187591552734,93.25250244140625,94.55000305175781,93.24749755859375,94.36750030517578,103625600
2020-07-29,91.94110107421875,95.04000091552734,95.2300033569336,93.7125015258789,93.75,90329200
2020-07-30,93.05359649658203,96.19000244140625,96.29750061035156,93.76750183105469,94.1875,158130000
2020-07-31,102.79523468017578,106.26000213623047,106.41500091552734,100.82499694824219,102.88500213623047,374336800
2020-08-03,105.38544464111328,108.9375,111.63749694824219,107.89250183105469,108.19999694824219,308151200
2020-08-04,106.0892105102539,109.66500091552734,110.79000091552734,108.38749694824219,109.13249969482422,173071600
2020-08-05,106.47374725341797,110.0625,110.39250183105469,108.89749908447266,109.37750244140625,121776800
2020-08-06,110.18856811523438,113.90249633789062,114.4124984741211,109.79750061035156,110.40499877929688,202428800
2020-08-07,107.68331146240234,111.11250305175781,113.67500305175781,110.2925033569336,113.20500183105469,198045600
2020-08-10,109.24848175048828,112.72750091552734,113.7750015258789,110.0,112.5999984741211,212403600
2020-08-11,105.99945068359375,109.375,112.48249816894531,109.10749816894531,111.97000122070312,187902400
2020-08-12,109.52227020263672,113.01000213623047,113.2750015258789,110.29750061035156,110.49749755859375,165598000
2020-08-13,111.4605484008789,115.01000213623047,116.0425033569336,113.92749786376953,114.43000030517578,210082000
2020-08-14,111.36119842529297,114.90750122070312,115.0,113.04499816894531,114.83000183105469,165565200
2020-08-17,111.0704574584961,114.60749816894531,116.0875015258789,113.9625015258789,116.0625,119561600
2020-08-18,111.99597930908203,115.5625,116.0,114.00749969482422,114.35250091552734,105633600
2020-08-19,112.13651275634766,115.7074966430664,117.1624984741211,115.61000061035156,115.98249816894531,145538000
2020-08-20,114.6247787475586,118.2750015258789,118.39250183105469,115.73249816894531,115.75,126907200
2020-08-21,120.53168487548828,124.37000274658203,124.86750030517578,119.25,119.26249694824219,338054800
2020-08-24,121.97325134277344,125.85749816894531,128.78500366210938,123.9375,128.69749450683594,345937600
2020-08-25,120.97261810302734,124.82499694824219,125.18000030517578,123.05249786376953,124.69750213623047,211495600
2020-08-26,122.61775207519531,126.52249908447266,126.99250030517578,125.0824966430664,126.18000030517578,163022400
2020-08-27,121.15190887451172,125.01000213623047,127.48500061035156,123.8324966430664,127.14250183105469,155552400
2020-08-28,120.95565795898438,124.80750274658203,126.44249725341797,124.57749938964844,126.01249694824219,187630000
2020-08-31,125.05754089355469,129.0399932861328,131.0,126.0,127.58000183105469,225702700
2020-09-01,130.0388946533203,134.17999267578125,134.8000030517578,130.52999877929688,132.75999450683594,151948100
2020-09-02,127.3447036743164,131.39999389648438,137.97999572753906,127.0,137.58999633789062,200119000
2020-09-03,117.14938354492188,120.87999725341797,128.83999633789062,120.5,126.91000366210938,257599600
2020-09-04,117.22689819335938,120.95999908447266,123.69999694824219,110.88999938964844,120.06999969482422,332607200
2020-09-08,109.33812713623047,112.81999969482422,118.98999786376953,112.68000030517578,113.94999694824219,231366600
2020-09-09,113.69924926757812,117.31999969482422,119.13999938964844,115.26000213623047,117.26000213623047,176940500
2020-09-10,109.9874496459961,113.48999786376953,120.5,112.5,120.36000061035156,182274400
2020-09-11,108.5434341430664,112.0,115.2300033569336,110.0,114.56999969482422,180860300
2020-09-14,111.79972076416016,115.36000061035156,115.93000030517578,112.80000305175781,114.72000122070312,140150100
2020-09-15,111.97419738769531,115.54000091552734,118.83000183105469,113.61000061035156,118.33000183105469,184642000
2020-09-16,108.66941833496094,112.12999725341797,116.0,112.04000091552734,115.2300033569336,154679000
2020-09-17,106.9346694946289,110.33999633789062,112.19999694824219,108.70999908447266,109.72000122070312,178011000
2020-09-18,103.54267883300781,106.83999633789062,110.87999725341797,106.08999633789062,110.4000015258789,287104900
2020-09-21,106.68270111083984,110.08000183105469,110.19000244140625,103.0999984741211,104.54000091552734,195713800
2020-09-22,108.35928344726562,111.80999755859375,112.86000061035156,109.16000366210938,112.68000030517578,183055400
2020-09-23,103.81404113769531,107.12000274658203,112.11000061035156,106.7699966430664,111.62000274658203,150718700
2020-09-24,104.88009643554688,108.22000122070312,110.25,105.0,105.16999816894531,167743300
2020-09-25,108.81478881835938,112.27999877929688,112.44000244140625,107.66999816894531,108.43000030517578,149981400
2020-09-28,111.41209411621094,114.95999908447266,115.31999969482422,112.77999877929688,115.01000213623047,137672400
2020-09-29,110.56893920898438,114.08999633789062,115.30999755859375,113.56999969482422,114.55000305175781,99382200
2020-09-30,112.23583984375,115.80999755859375,117.26000213623047,113.62000274658203,113.79000091552734,142675200
2020-10-01,113.18558502197266,116.79000091552734,117.72000122070312,115.83000183105469,117.63999938964844,116120400
2020-10-02,109.53194427490234,113.0199966430664,115.37000274658203,112.22000122070312,112.88999938964844,144712000
2020-10-05,112.9045639038086,116.5,116.6500015258789,113.55000305175781,113.91000366210938,106243800
2020-10-06,109.66765594482422,113.16000366210938,116.12000274658203,112.25,115.69999694824219,161498200
2020-10-07,111.52838134765625,115.08000183105469,115.55000305175781,114.12999725341797,114.62000274658203,96849000
2020-10-08,111.42176818847656,114.97000122070312,116.4000015258789,114.58999633789062,116.25,83477200
2020-10-09,113.36007690429688,116.97000122070312,117.0,114.91999816894531,115.27999877929688,100506900
2020-10-12,120.56075286865234,124.4000015258789,125.18000030517578,119.27999877929688,120.05999755859375,240226800
2020-10-13,117.36260223388672,121.0999984741211,125.38999938964844,119.6500015258789,125.2699966430664,262330500
2020-10-14,117.44984436035156,121.19000244140625,123.02999877929688,119.62000274658203,121.0,150712000
2020-10-15,116.984619140625,120.70999908447266,121.19999694824219,118.1500015258789,118.72000122070312,112559200
2020-10-16,115.34677124023438,119.0199966430664,121.55000305175781,118.80999755859375,121.27999877929688,115393800
2020-10-19,112.4006118774414,115.9800033569336,120.41999816894531,115.66000366210938,119.95999908447266,120639300
2020-10-20,113.88337707519531,117.51000213623047,118.9800033569336,115.62999725341797,116.19999694824219,124423700
2020-10-21,113.26313781738281,116.87000274658203,118.70999908447266,116.44999694824219,116.66999816894531,89946000
2020-10-22,112.17772674560547,115.75,118.04000091552734,114.58999633789062,117.44999694824219,101988000
2020-10-23,111.4896240234375,115.04000091552734,116.55000305175781,114.27999877929688,116.38999938964844,82572600
2020-10-26,111.49929809570312,115.05000305175781,116.55000305175781,112.87999725341797,114.01000213623047,111850700
2020-10-27,113.0014877319336,116.5999984741211,117.27999877929688,114.54000091552734,115.48999786376953,92276800
2020-10-28,107.76810455322266,111.19999694824219,115.43000030517578,111.0999984741211,115.05000305175781,143937800
2020-10-29,111.760986328125,115.31999969482422,116.93000030517578,112.19999694824219,112.37000274658203,146129200
2020-10-30,105.5003433227539,108.86000061035156,111.98999786376953,107.72000122070312,111.05999755859375,190272600
2020-11-02,105.41312408447266,108.7699966430664,110.68000030517578,107.31999969482422,109.11000061035156,122866900
2020-11-03,107.0315933227539,110.44000244140625,111.48999786376953,108.7300033569336,109.66000366210938,107624400
2020-11-04,111.40237426757812,114.94999694824219,115.58999633789062,112.3499984741211,114.13999938964844,138235500
2020-11-05,115.35648345947266,119.02999877929688,119.62000274658203,116.87000274658203,117.94999694824219,126387100
2020-11-06,115.22541046142578,118.69000244140625,119.19999694824219,116.12999725341797,118.31999969482422,114457900
2020-11-09,112.92459106445312,116.31999969482422,121.98999786376953,116.05000305175781,120.5,154515300
2020-11-10,112.58482360839844,115.97000122070312,117.58999633789062,114.12999725341797,115.55000305175781,138023400
2020-11-11,116.00206756591797,119.48999786376953,119.62999725341797,116.44000244140625,117.19000244140625,112295000
2020-11-12,115.73023986816406,119.20999908447266,120.52999877929688,118.56999969482422,119.62000274658203,103162300
2020-11-13,115.77877807617188,119.26000213623047,119.66999816894531,117.87000274658203,119.44000244140625,81581900
2020-11-16,116.78843688964844,120.30000305175781,120.98999786376953,118.1500015258789,118.91999816894531,91183000
2020-11-17,115.90495300292969,119.38999938964844,120.66999816894531,118.95999908447266,119.55000305175781,74271000
2020-11-18,114.58467864990234,118.02999877929688,119.81999969482422,118.0,118.61000061035156,76322100
2020-11-19,115.17686462402344,118.63999938964844,119.05999755859375,116.80999755859375,117.58999633789062,74113000
2020-11-20,113.91482543945312,117.33999633789062,118.7699966430664,117.29000091552734,118.63999938964844,73604300
2020-11-23,110.52669525146484,113.8499984741211,117.62000274658203,113.75,117.18000030517578,127959300
2020-11-24,111.80817413330078,115.16999816894531,115.8499984741211,112.58999633789062,113.91000366210938,113874200
2020-11-25,112.64306640625,116.02999877929688,116.75,115.16999816894531,115.55000305175781,76499200
2020-11-27,113.18673706054688,116.58999633789062,117.48999786376953,116.22000122070312,116.56999969482422,46691300
2020-11-30,115.57490539550781,119.05000305175781,120.97000122070312,116.80999755859375,116.97000122070312,169410200
2020-12-01,119.1377944946289,122.72000122070312,123.47000122070312,120.01000213623047,121.01000213623047,127728200
2020-12-02,119.48725891113281,123.08000183105469,123.37000274658203,120.88999938964844,122.0199966430664,89004200
2020-12-03,119.35137176513672,122.94000244140625,123.77999877929688,122.20999908447266,123.5199966430664,78967600
2020-12-04,118.6814956665039,122.25,122.86000061035156,121.5199966430664,122.5999984741211,78260400
2020-12-07,120.13770294189453,123.75,124.56999969482422,122.25,122.30999755859375,86712000
2020-12-08,120.74932098388672,124.37999725341797,124.9800033569336,123.08999633789062,124.37000274658203,82225500
2020-12-09,118.22523498535156,121.77999877929688,125.94999694824219,121.0,124.52999877929688,115089200
2020-12-10,119.6426010131836,123.23999786376953,123.87000274658203,120.1500015258789,120.5,81312200
2020-12-11,118.83683013916016,122.41000366210938,122.76000213623047,120.55000305175781,122.43000030517578,86939800
2020-12-14,118.22523498535156,121.77999877929688,123.3499984741211,121.54000091552734,122.5999984741211,79184500
2020-12-15,124.14716339111328,127.87999725341797,127.9000015258789,124.12999725341797,124.33999633789062,157243700
2020-12-16,124.0792007446289,127.80999755859375,128.3699951171875,126.55999755859375,127.41000366210938,98208600
2020-12-17,124.94322967529297,128.6999969482422,129.5800018310547,128.0399932861328,128.89999389648438,94359800
2020-12-18,122.96278381347656,126.66000366210938,129.10000610351562,126.12000274658203,128.9600067138672,192541500
2020-12-21,124.48694610595703,128.22999572753906,128.30999755859375,123.44999694824219,125.0199966430664,121251600
2020-12-22,128.0304718017578,131.8800048828125,134.41000366210938,129.64999389648438,131.61000061035156,168904800
2020-12-23,127.13724517822266,130.9600067138672,132.42999267578125,130.77999877929688,132.16000366210938,88223700
2020-12-24,128.11776733398438,131.97000122070312,133.4600067138672,131.10000610351562,131.32000732421875,54930100
2020-12-28,132.70001220703125,136.69000244140625,137.33999633789062,133.50999450683594,133.99000549316406,124486200
2020-12-29,130.93309020996094,134.8699951171875,138.7899932861328,134.33999633789062,138.0500030517578,121047300
2020-12-30,129.81668090820312,133.72000122070312,135.99000549316406,133.39999389648438,135.5800018310547,96452100
2020-12-31,128.81675720214844,132.69000244140625,134.74000549316406,131.72000122070312,134.0800018310547,99116600
2021-01-04,125.63250732421875,129.41000366210938,133.61000061035156,126.76000213623047,133.52000427246094,143301900
2021-01-05,127.18578338623047,131.00999450683594,131.74000549316406,128.42999267578125,128.88999938964844,97664900
2021-01-06,122.90452575683594,126.5999984741211,131.0500030517578,126.37999725341797,127.72000122070312,155088000
2021-01-07,127.09842681884766,130.9199981689453,131.6300048828125,127.86000061035156,128.36000061035156,109578200
2021-01-08,128.1954345703125,132.0500030517578,132.6300048828125,130.22999572753906,132.42999267578125,105158200
2021-01-11,125.2150650024414,128.97999572753906,130.1699981689453,128.5,129.19000244140625,100384500
2021-01-12,125.0403060913086,128.8000030517578,129.69000244140625,126.86000061035156,128.5,91951100
2021-01-13,127.06932830810547,130.88999938964844,131.4499969482422,128.49000549316406,128.75999450683594,88636800
2021-01-14,125.1471176147461,128.91000366210938,131.0,128.75999450683594,130.8000030517578,90221800
2021-01-15,123.42876434326172,127.13999938964844,130.22000122070312,127.0,128.77999877929688,111598500
2021-01-19,124.09862518310547,127.83000183105469,128.7100067138672,126.94000244140625,127.77999877929688,90757300
2021-01-20,128.17596435546875,132.02999877929688,132.49000549316406,128.5500030517578,128.66000366210938,104319500
2021-01-21,132.87474060058594,136.8699951171875,139.6699981689453,133.58999633789062,133.8000030517578,120150900
2021-01-22,135.010498046875,139.07000732421875,139.85000610351562,135.02000427246094,136.27999877929688,114459400
2021-01-25,138.74810791015625,142.9199981689453,145.08999633789062,136.5399932861328,143.07000732421875,157611700
2021-01-26,138.9811553955078,143.16000366210938,144.3000030517578,141.3699951171875,143.60000610351562,98390600
2021-01-27,137.91323852539062,142.05999755859375,144.3000030517578,140.41000366210938,143.42999267578125,140843800
2021-01-28,133.08831787109375,137.08999633789062,141.99000549316406,136.6999969482422,139.52000427246094,142621100
2021-01-29,128.10809326171875,131.9600067138672,136.74000549316406,130.2100067138672,135.8300018310547,177523800
2021-02-01,130.22445678710938,134.13999938964844,135.3800048828125,130.92999267578125,133.75,106239800
2021-02-02,131.04962158203125,134.99000549316406,136.30999755859375,134.61000061035156,135.72999572753906,83305400
2021-02-03,130.03025817871094,133.94000244140625,135.77000427246094,133.61000061035156,135.75999450683594,89880900
2021-02-04,133.3795623779297,137.38999938964844,137.39999389648438,134.58999633789062,136.3000030517578,84183100
2021-02-05,132.96636962890625,136.75999450683594,137.4199981689453,135.86000061035156,137.35000610351562,75693800
2021-02-08,133.1121826171875,136.91000366210938,136.9600067138672,134.9199981689453,136.02999877929688,71297200
2021-02-09,132.23715209960938,136.00999450683594,137.8800048828125,135.85000610351562,136.6199951171875,76774200
2021-02-10,131.6343536376953,135.38999938964844,136.99000549316406,134.39999389648438,136.47999572753906,73046600
2021-02-11,131.38157653808594,135.1300048828125,136.38999938964844,133.77000427246094,135.89999389648438,64280000
2021-02-12,131.61489868164062,135.3699951171875,135.52999877929688,133.69000244140625,134.35000610351562,60145100
2021-02-16,129.49539184570312,133.19000244140625,136.00999450683594,132.7899932861328,135.49000549316406,80576300
2021-02-17,127.21056365966797,130.83999633789062,132.22000122070312,129.47000122070312,131.25,97918500
2021-02-18,126.11192321777344,129.7100067138672,130.0,127.41000366210938,129.1999969482422,96856700
2021-02-19,126.26748657226562,129.8699951171875,130.7100067138672,128.8000030517578,130.24000549316406,87668800
2021-02-22,122.50483703613281,126.0,129.72000122070312,125.5999984741211,128.00999450683594,103916400
2021-02-23,122.36869812011719,125.86000061035156,126.70999908447266,118.38999938964844,123.76000213623047,158273000
2021-02-24,121.87285614013672,125.3499984741211,125.55999755859375,122.2300033569336,124.94000244140625,111039900
2021-02-25,117.63380432128906,120.98999786376953,126.45999908447266,120.54000091552734,124.68000030517578,148199500
2021-02-26,117.89632415771484,121.26000213623047,124.8499984741211,121.19999694824219,122.58999633789062,164560400
2021-03-01,124.24516296386719,127.79000091552734,127.93000030517578,122.79000091552734,123.75,116307900
2021-03-02,121.64922332763672,125.12000274658203,128.72000122070312,125.01000213623047,128.41000366210938,102260900
2021-03-03,118.67410278320312,122.05999755859375,125.70999908447266,121.83999633789062,124.80999755859375,112966300
2021-03-04,116.79765319824219,120.12999725341797,123.5999984741211,118.62000274658203,121.75,178155000
2021-03-05,118.0518798828125,121.41999816894531,121.94000244140625,117.56999969482422,120.9800033569336,153766600
2021-03-08,113.1322250366211,116.36000061035156,121.0,116.20999908447266,120.93000030517578,154376600
2021-03-09,117.73102569580078,121.08999633789062,122.05999755859375,118.79000091552734,119.02999877929688,129525800
2021-03-10,116.65181732177734,119.9800033569336,122.16999816894531,119.44999694824219,121.69000244140625,111943300
2021-03-11,118.576904296875,121.95999908447266,123.20999908447266,121.26000213623047,122.54000091552734,103026500
2021-03-12,117.67269134521484,121.02999877929688,121.16999816894531,119.16000366210938,120.4000015258789,88105100
2021-03-15,120.55056762695312,123.98999786376953,124.0,120.41999816894531,121.41000366210938,92403800
2021-03-16,122.08676147460938,125.56999969482422,127.22000122070312,124.72000122070312,125.69999694824219,115227900
2021-03-17,121.29922485351562,124.76000213623047,125.86000061035156,122.33999633789062,124.05000305175781,111932600
2021-03-18,117.1865463256836,120.52999877929688,123.18000030517578,120.31999969482422,122.87999725341797,121229700
2021-03-19,116.66152954101562,119.98999786376953,121.43000030517578,119.68000030517578,119.9000015258789,185549500
2021-03-22,119.96722412109375,123.38999938964844,123.87000274658203,120.26000213623047,120.33000183105469,111912300
2021-03-23,119.14080810546875,122.54000091552734,124.23999786376953,122.13999938964844,123.33000183105469,95467100
2021-03-24,116.75877380371094,120.08999633789062,122.9000015258789,120.06999969482422,122.81999969482422,88530500
2021-03-25,117.2448959350586,120.58999633789062,121.66000366210938,119.0,119.54000091552734,98844700
2021-03-26,117.84769439697266,121.20999908447266,121.4800033569336,118.91999816894531,120.3499984741211,94071200
2021-03-29,118.02269744873047,121.38999938964844,122.58000183105469,120.7300033569336,121.6500015258789,80819200
2021-03-30,116.57403564453125,119.9000015258789,120.4000015258789,118.86000061035156,120.11000061035156,85671900
2021-03-31,118.76160430908203,122.1500015258789,123.5199966430664,121.1500015258789,121.6500015258789,118323800
2021-04-01,119.5880355834961,123.0,124.18000030517578,122.48999786376953,123.66000366210938,75089100
2021-04-05,122.40760040283203,125.9000015258789,126.16000366210938,123.06999969482422,123.87000274658203,88651200
2021-04-06,122.70899963378906,126.20999908447266,127.12999725341797,125.6500015258789,126.5,80171300
2021-04-07,124.35211944580078,127.9000015258789,127.91999816894531,125.13999938964844,125.83000183105469,83466700
2021-04-08,126.743896484375,130.36000061035156,130.38999938964844,128.52000427246094,128.9499969482422,88844600
2021-04-09,129.3106231689453,133.0,133.0399932861328,129.47000122070312,129.8000030517578,106686700
2021-04-12,127.5994873046875,131.24000549316406,132.85000610351562,130.6300048828125,132.52000427246094,91420000
2021-04-13,130.70101928710938,134.42999267578125,134.66000366210938,131.92999267578125,132.44000244140625,91266500
2021-04-14,128.36753845214844,132.02999877929688,135.0,131.66000366210938,134.94000244140625,87222800
2021-04-15,130.76902770996094,134.5,135.0,133.63999938964844,133.82000732421875,89347100
2021-04-16,130.4384765625,134.16000366210938,134.6699981689453,133.27999877929688,134.3000030517578,84922400
2021-04-19,131.09957885742188,134.83999633789062,135.47000122070312,133.33999633789062,133.50999450683594,94264200
2021-04-20,129.4176025390625,133.11000061035156,135.52999877929688,131.80999755859375,135.02000427246094,94812300
2021-04-21,129.7967987060547,133.5,133.75,131.3000030517578,132.36000061035156,68847100
2021-04-22,128.28005981445312,131.94000244140625,134.14999389648438,131.41000366210938,133.0399932861328,84566500
2021-04-23,130.5940399169922,134.32000732421875,135.1199951171875,132.16000366210938,132.16000366210938,78657500
2021-04-26,130.98294067382812,134.72000122070312,135.05999755859375,133.55999755859375,134.8300018310547,66905100
2021-04-27,130.66207885742188,134.38999938964844,135.41000366210938,134.11000061035156,135.00999450683594,66015800
2021-04-28,129.87460327148438,133.5800018310547,135.02000427246094,133.0800018310547,134.30999755859375,107760100
2021-04-29,129.77732849121094,133.47999572753906,137.07000732421875,132.4499969482422,136.47000122070312,151101000
2021-04-30,127.81336975097656,131.4600067138672,133.55999755859375,131.07000732421875,131.77999877929688,109839500
2021-05-03,128.86343383789062,132.5399932861328,134.07000732421875,131.8300018310547,132.0399932861328,75135100
2021-05-04,124.30351257324219,127.8499984741211,131.49000549316406,126.69999694824219,131.19000244140625,137564700
2021-05-05,124.54657745361328,128.10000610351562,130.4499969482422,127.97000122070312,129.1999969482422,84000900
2021-05-06,126.14108276367188,129.74000549316406,129.75,127.12999725341797,127.88999938964844,78128300
2021-05-07,126.8130874633789,130.2100067138672,131.25999450683594,129.47999572753906,130.85000610351562,78973300
2021-05-10,123.54072570800781,126.8499984741211,129.5399932861328,126.80999755859375,129.41000366210938,88071200
2021-05-11,122.62527465820312,125.91000366210938,126.2699966430664,122.7699966430664,123.5,126142800
2021-05-12,119.56716918945312,122.7699966430664,124.63999938964844,122.25,123.4000015258789,112172300
2021-05-13,121.70977783203125,124.97000122070312,126.1500015258789,124.26000213623047,124.58000183105469,105861300
2021-05-14,124.12507629394531,127.44999694824219,127.88999938964844,125.8499984741211,126.25,81918000
2021-05-17,122.9758529663086,126.2699966430664,126.93000030517578,125.16999816894531,126.81999969482422,74244600
2021-05-18,121.59290313720703,124.8499984741211,126.98999786376953,124.77999877929688,126.55999755859375,63342900
2021-05-19,121.43708038330078,124.69000244140625,124.91999816894531,122.86000061035156,123.16000366210938,92612000
2021-05-20,123.98873138427734,127.30999755859375,127.72000122070312,125.0999984741211,125.2300033569336,76857100
2021-05-21,122.15777587890625,125.43000030517578,128.0,125.20999908447266,127.81999969482422,79295400
2021-05-24,123.78422546386719,127.0999984741211,127.94000244140625,125.94000244140625,126.01000213623047,63092900
2021-05-25,123.58943176269531,126.9000015258789,128.32000732421875,126.31999969482422,127.81999969482422,72009500
2021-05-26,123.54072570800781,126.8499984741211,127.38999938964844,126.41999816894531,126.95999908447266,56575900
2021-05-27,122.01168823242188,125.27999877929688,127.63999938964844,125.08000183105469,126.44000244140625,94625600
2021-05-28,121.35916900634766,124.61000061035156,125.80000305175781,124.55000305175781,125.56999969482422,71311100
2021-06-01,121.03778839111328,124.27999877929688,125.3499984741211,123.94000244140625,125.08000183105469,67637100
2021-06-02,121.79741668701172,125.05999755859375,125.23999786376953,124.05000305175781,124.27999877929688,59278900
2021-06-03,120.31709289550781,123.54000091552734,124.8499984741211,123.12999725341797,124.68000030517578,76229200
2021-06-04,122.60575866699219,125.88999938964844,126.16000366210938,123.8499984741211,124.06999969482422,75169300
2021-06-07,122.61552429199219,125.9000015258789,126.31999969482422,124.83000183105469,126.16999816894531,71057600
2021-06-08,123.43359375,126.73999786376953,128.4600067138672,126.20999908447266,126.5999984741211,74403800
2021-06-09,123.81341552734375,127.12999725341797,127.75,126.5199966430664,127.20999908447266,56877900
2021-06-10,122.82005310058594,126.11000061035156,128.19000244140625,125.94000244140625,127.0199966430664,71186400
2021-06-11,124.0277099609375,127.3499984741211,127.44000244140625,126.0999984741211,126.52999877929688,53522400
2021-06-14,127.07599639892578,130.47999572753906,130.5399932861328,127.06999969482422,127.81999969482422,96906500
2021-06-15,126.2579345703125,129.63999938964844,130.60000610351562,129.38999938964844,129.94000244140625,62746300
2021-06-16,126.75459289550781,130.14999389648438,130.88999938964844,128.4600067138672,130.3699951171875,91815000
2021-06-17,128.3518829345703,131.7899932861328,132.5500030517578,129.64999389648438,129.8000030517578,96721700
2021-06-18,127.05655670166016,130.4600067138672,131.50999450683594,130.24000549316406,130.7100067138672,108953300
2021-06-21,128.84857177734375,132.3000030517578,132.41000366210938,129.2100067138672,130.3000030517578,79663300
2021-06-22,130.48468017578125,133.97999572753906,134.0800018310547,131.6199951171875,132.1300048828125,74783600
2021-06-23,130.21202087402344,133.6999969482422,134.32000732421875,133.22999572753906,133.77000427246094,60214200
2021-06-24,129.92962646484375,133.41000366210938,134.63999938964844,132.92999267578125,134.4499969482422,68711000
2021-06-25,129.63742065429688,133.11000061035156,133.88999938964844,132.80999755859375,133.4600067138672,70783700
2021-06-28,131.26388549804688,134.77999877929688,135.25,133.35000610351562,133.41000366210938,62111300
2021-06-29,132.77340698242188,136.3300018310547,136.49000549316406,134.35000610351562,134.8000030517578,64556100
2021-06-30,133.38697814941406,136.9600067138672,137.41000366210938,135.8699951171875,136.1699981689453,63261400
2021-07-01,133.6888885498047,137.27000427246094,137.3300018310547,135.75999450683594,136.60000610351562,52485800
2021-07-02,136.3087615966797,139.9600067138672,140.0,137.75,137.89999389648438,78852600
2021-07-06,138.31500244140625,142.02000427246094,143.14999389648438,140.07000732421875,140.07000732421875,108181800
2021-07-07,140.79844665527344,144.57000732421875,144.88999938964844,142.66000366210938,143.5399932861328,104911600
2021-07-08,139.503173828125,143.24000549316406,144.05999755859375,140.6699981689453,141.5800018310547,105575500
2021-07-09,141.32435607910156,145.11000061035156,145.64999389648438,142.64999389648438,142.75,99890800
2021-07-12,140.73025512695312,144.5,146.32000732421875,144.0,146.2100067138672,76299700
2021-07-13,141.84051513671875,145.63999938964844,147.4600067138672,143.6300048828125,144.02999877929688,100827100
2021-07-14,145.2589569091797,149.14999389648438,149.57000732421875,147.67999267578125,148.10000610351562,127050800
2021-07-15,144.60643005371094,148.47999572753906,150.0,147.08999633789062,149.24000549316406,106820300
2021-07-16,142.57098388671875,146.38999938964844,149.75999450683594,145.8800048828125,148.4600067138672,93251400
2021-07-19,138.7337646484375,142.4499969482422,144.07000732421875,141.6699981689453,143.75,121434600
2021-07-20,142.3372344970703,146.14999389648438,147.10000610351562,142.9600067138672,143.4600067138672,96350000
2021-07-21,141.60679626464844,145.39999389648438,146.1300048828125,144.6300048828125,145.52999877929688,74993500
2021-07-22,142.9702606201172,146.8000030517578,148.1999969482422,145.80999755859375,145.94000244140625,77338200
2021-07-23,144.68434143066406,148.55999755859375,148.72000122070312,146.9199981689453,147.5500030517578,71447400
2021-07-26,145.10317993164062,148.99000549316406,149.8300018310547,147.6999969482422,148.27000427246094,72434100
2021-07-27,142.94105529785156,146.77000427246094,149.2100067138672,145.5500030517578,149.1199951171875,104818600
2021-07-28,141.19775390625,144.97999572753906,146.97000122070312,142.5399932861328,144.80999755859375,118931200
2021-07-29,141.84051513671875,145.63999938964844,146.5500030517578,144.5800018310547,144.69000244140625,56699500
2021-07-30,142.0548095703125,145.86000061035156,146.3300018310547,144.11000061035156,144.3800048828125,70440600
2021-08-02,141.72369384765625,145.52000427246094,146.9499969482422,145.25,146.36000061035156,62880000
2021-08-03,143.51565551757812,147.36000061035156,148.0399932861328,145.17999267578125,145.80999755859375,64786600
2021-08-04,143.11634826660156,146.9499969482422,147.7899932861328,146.27999877929688,147.27000427246094,56368300
2021-08-05,143.22344970703125,147.05999755859375,147.83999633789062,146.1699981689453,146.97999572753906,46397700
2021-08-06,142.54074096679688,146.13999938964844,147.11000061035156,145.6300048828125,146.35000610351562,54126800
2021-08-09,142.49197387695312,146.08999633789062,146.6999969482422,145.52000427246094,146.1999969482422,48908700
2021-08-10,142.0140380859375,145.60000610351562,147.7100067138672,145.3000030517578,146.44000244140625,69023100
2021-08-11,142.2676544189453,145.86000061035156,146.72000122070312,145.52999877929688,146.0500030517578,48493500
2021-08-12,145.22299194335938,148.88999938964844,149.0500030517578,145.83999633789062,146.19000244140625,72282600
2021-08-13,145.42779541015625,149.10000610351562,149.44000244140625,148.27000427246094,148.97000122070312,59375000
2021-08-16,147.39808654785156,151.1199951171875,151.19000244140625,146.47000122070312,148.5399932861328,103296000
2021-08-17,146.49095153808594,150.19000244140625,151.67999267578125,149.08999633789062,150.22999572753906,92229700
2021-08-18,142.75531005859375,146.36000061035156,150.72000122070312,146.14999389648438,149.8000030517578,86326000
2021-08-19,143.08692932128906,146.6999969482422,148.0,144.5,145.02999877929688,86960300
2021-08-20,144.5402374267578,148.19000244140625,148.5,146.77999877929688,147.44000244140625,60549600
2021-08-23,146.02279663085938,149.7100067138672,150.19000244140625,147.88999938964844,148.30999755859375,60131800
2021-08-24,145.93502807617188,149.6199951171875,150.86000061035156,149.14999389648438,149.4499969482422,48606400
2021-08-25,144.7060546875,148.36000061035156,150.32000732421875,147.8000030517578,149.80999755859375,58991300
2021-08-26,143.90621948242188,147.5399932861328,149.1199951171875,147.50999450683594,148.35000610351562,48597200
2021-08-27,144.94017028808594,148.60000610351562,148.75,146.8300018310547,147.47999572753906,55802400
2021-08-30,149.348876953125,153.1199951171875,153.49000549316406,148.61000061035156,149.0,90956700
2021-08-31,148.0906219482422,151.8300018310547,152.8000030517578,151.2899932861328,152.66000366210938,86453100
2021-09-01,148.7538604736328,152.50999450683594,154.97999572753906,152.33999633789062,152.8300018310547,80313700
2021-09-02,149.8657684326172,153.64999389648438,154.72000122070312,152.39999389648438,153.8699951171875,71115500
2021-09-03,150.49978637695312,154.3000030517578,154.6300048828125,153.08999633789062,153.75999450683594,57808700
2021-09-07,152.83091735839844,156.69000244140625,157.25999450683594,154.38999938964844,154.97000122070312,82278300
2021-09-08,151.2898406982422,155.11000061035156,157.0399932861328,153.97999572753906,156.97999572753906,74420200
2021-09-09,150.2754364013672,154.07000732421875,156.11000061035156,153.9499969482422,155.49000549316406,57305700
2021-09-10,145.301025390625,148.97000122070312,155.47999572753906,148.6999969482422,155.0,140893200
2021-09-13,145.8667449951172,149.5500030517578,151.4199981689453,148.75,150.6300048828125,102404300
2021-09-14,144.47190856933594,148.1199951171875,151.07000732421875,146.91000366210938,150.35000610351562,109296300
2021-09-15,145.35955810546875,149.02999877929688,149.44000244140625,146.3699951171875,148.55999755859375,83281300
2021-09-16,145.12545776367188,148.7899932861328,148.97000122070312,147.22000122070312,148.44000244140625,68034100
2021-09-17,142.46270751953125,146.05999755859375,148.82000732421875,145.75999450683594,148.82000732421875,129868800
2021-09-20,139.4195556640625,142.94000244140625,144.83999633789062,141.27000427246094,143.8000030517578,123478900
2021-09-21,139.8975067138672,143.42999267578125,144.60000610351562,142.77999877929688,143.92999267578125,75834000
2021-09-22,142.25787353515625,145.85000610351562,146.42999267578125,143.6999969482422,144.4499969482422,76404300
2021-09-23,143.21377563476562,146.8300018310547,147.0800018310547,145.63999938964844,146.64999389648438,64838200
2021-09-24,143.301513671875,146.9199981689453,147.47000122070312,145.55999755859375,145.66000366210938,53477900
2021-09-27,141.7897186279297,145.3699951171875,145.9600067138672,143.82000732421875,145.47000122070312,74150700
2021-09-28,138.4149169921875,141.91000366210938,144.75,141.69000244140625,143.25,108972300
2021-09-29,139.31228637695312,142.8300018310547,144.4499969482422,142.02999877929688,142.47000122070312,74602000
2021-09-30,138.0150146484375,141.5,144.3800048828125,141.27999877929688,143.66000366210938,89056700
2021-10-01,139.13670349121094,142.64999389648438,142.9199981689453,139.11000061035156,141.89999389648438,94639600
2021-10-04,135.71315002441406,139.13999938964844,142.2100067138672,138.27000427246094,141.75999450683594,98322000
2021-10-05,137.63462829589844,141.11000061035156,142.24000549316406,139.36000061035156,139.49000549316406,80861100
2021-10-06,138.50271606445312,142.0,142.14999389648438,138.3699951171875,139.47000122070312,83221100
2021-10-07,139.7609100341797,143.2899932861328,144.22000122070312,142.72000122070312,143.05999755859375,61732700
2021-10-08,139.3805389404297,142.89999389648438,144.17999267578125,142.55999755859375,144.02999877929688,58773200
2021-10-11,139.29278564453125,142.80999755859375,144.80999755859375,141.80999755859375,142.27000427246094,64452200
2021-10-12,138.0247802734375,141.50999450683594,143.25,141.0399932861328,143.22999572753906,73035900
2021-10-13,137.4395294189453,140.91000366210938,141.39999389648438,139.1999969482422,141.24000549316406,78762700
2021-10-14,140.21934509277344,143.75999450683594,143.8800048828125,141.50999450683594,142.11000061035156,69907100
2021-10-15,141.2727508544922,144.83999633789062,144.89999389648438,143.50999450683594,143.77000427246094,67940300
2021-10-18,142.9406280517578,146.5500030517578,146.83999633789062,143.16000366210938,143.4499969482422,85589200
2021-10-19,145.09619140625,148.75999450683594,149.1699981689453,146.5500030517578,147.00999450683594,76378900
2021-10-20,145.58389282226562,149.25999450683594,149.75,148.1199951171875,148.6999969482422,58418800
2021-10-21,145.79847717285156,149.47999572753906,149.63999938964844,147.8699951171875,148.80999755859375,61421000
2021-10-22,145.0279083251953,148.69000244140625,150.17999267578125,148.63999938964844,149.69000244140625,58883400
2021-10-25,144.9791259765625,148.63999938964844,149.3699951171875,147.6199951171875,148.67999267578125,50720600
2021-10-26,145.64242553710938,149.32000732421875,150.83999633789062,149.00999450683594,149.3300018310547,60893400
2021-10-27,145.1840057373047,148.85000610351562,149.72999572753906,148.49000549316406,149.36000061035156,56094900
2021-10-28,148.8124237060547,152.57000732421875,153.1699981689453,149.72000122070312,149.82000732421875,100077900
2021-10-29,146.11058044433594,149.8000030517578,149.94000244140625,146.41000366210938,147.22000122070312,124953200
2021-11-01,145.29129028320312,148.9600067138672,149.6999969482422,147.8000030517578,148.99000549316406,74588300
2021-11-02,146.32521057128906,150.02000427246094,151.57000732421875,148.64999389648438,148.66000366210938,69122000
2021-11-03,147.7589874267578,151.49000549316406,151.97000122070312,149.82000732421875,150.38999938964844,54511500
2021-11-04,147.2420654296875,150.9600067138672,152.42999267578125,150.63999938964844,151.5800018310547,60394600
2021-11-05,147.76951599121094,151.27999877929688,152.1999969482422,150.05999755859375,151.88999938964844,65463900
2021-11-08,146.94898986816406,150.44000244140625,151.57000732421875,150.16000366210938,151.41000366210938,55020900
2021-11-09,147.3104248046875,150.80999755859375,151.42999267578125,150.05999755859375,150.1999969482422,56787900
2021-11-10,144.4875030517578,147.9199981689453,150.1300048828125,147.85000610351562,150.02000427246094,65187100
2021-11-11,144.43861389160156,147.8699951171875,149.42999267578125,147.67999267578125,148.9600067138672,41000000
2021-11-12,146.50941467285156,149.99000549316406,150.39999389648438,147.47999572753906,148.42999267578125,63804000
2021-11-15,146.51919555664062,150.0,151.8800048828125,149.42999267578125,150.3699951171875,59222800
2021-11-16,147.49600219726562,151.0,151.49000549316406,149.33999633789062,149.94000244140625,59256200
2021-11-17,149.92819213867188,153.49000549316406,155.0,150.99000549316406,151.0,88807000
2021-11-18,154.2065887451172,157.8699951171875,158.6699981689453,153.0500030517578,153.7100067138672,137827700
2021-11-19,156.8243865966797,160.5500030517578,161.02000427246094,156.52999877929688,157.64999389648438,117305600
2021-11-22,157.2834930419922,161.02000427246094,165.6999969482422,161.0,161.67999267578125,117467900
2021-11-23,157.6644287109375,161.41000366210938,161.8000030517578,159.05999755859375,161.1199951171875,96041900
2021-11-24,158.18215942382812,161.94000244140625,162.13999938964844,159.63999938964844,160.75,69463600
2021-11-26,153.1711883544922,156.80999755859375,160.4499969482422,156.36000061035156,159.57000732421875,76959800
2021-11-29,156.5216064453125,160.24000549316406,161.19000244140625,158.7899932861328,159.3699951171875,88748200
2021-11-30,161.46414184570312,165.3000030517578,165.52000427246094,159.9199981689453,159.99000549316406,174048100
2021-12-01,160.9464569091797,164.77000427246094,170.3000030517578,164.52999877929688,167.47999572753906,152052500
2021-12-02,159.95986938476562,163.75999450683594,164.1999969482422,157.8000030517578,158.74000549316406,136739200
2021-12-03,158.08444213867188,161.83999633789062,164.9600067138672,159.72000122070312,164.02000427246094,118023100
2021-12-06,161.4836883544922,165.32000732421875,167.8800048828125,164.27999877929688,164.2899932861328,107497000
2021-12-07,167.20767211914062,171.17999267578125,171.5800018310547,168.33999633789062,169.0800018310547,120405400
2021-12-08,171.01719665527344,175.0800018310547,175.9600067138672,170.6999969482422,172.1300048828125,116998900
2021-12-09,170.50927734375,174.55999755859375,176.75,173.9199981689453,174.91000366210938,108923700
2021-12-10,175.2858123779297,179.4499969482422,179.6300048828125,174.69000244140625,175.2100067138672,115402700
2021-12-13,171.66189575195312,175.74000549316406,182.1300048828125,175.52999877929688,181.1199951171875,153237000
2021-12-14,170.28463745117188,174.3300018310547,177.74000549316406,172.2100067138672,175.25,139380400
2021-12-15,175.13926696777344,179.3000030517578,179.5,172.30999755859375,175.11000061035156,131063300
2021-12-16,168.2626190185547,172.25999450683594,181.13999938964844,170.75,179.27999877929688,150185800
2021-12-17,167.1686553955078,171.13999938964844,173.47000122070312,169.69000244140625,169.92999267578125,195432700
2021-12-20,165.8109130859375,169.75,170.5800018310547,167.4600067138672,168.27999877929688,107499100
2021-12-21,168.97573852539062,172.99000549316406,173.1999969482422,169.1199951171875,171.55999755859375,91185900
2021-12-22,171.56423950195312,175.63999938964844,175.86000061035156,172.14999389648438,173.0399932861328,92135300
2021-12-23,172.18939208984375,176.27999877929688,176.85000610351562,175.27000427246094,175.85000610351562,68356600
2021-12-27,176.1453857421875,180.3300018310547,180.4199981689453,177.07000732421875,177.08999633789062,74919600
2021-12-28,175.12950134277344,179.2899932861328,181.3300018310547,178.52999877929688,180.16000366210938,79144300
2021-12-29,175.21746826171875,179.3800048828125,180.6300048828125,178.13999938964844,179.3300018310547,62348900
2021-12-30,174.06480407714844,178.1999969482422,180.57000732421875,178.08999633789062,179.47000122070312,59773000
2021-12-31,173.44943237304688,177.57000732421875,179.22999572753906,177.25999450683594,178.08999633789062,64062300
2022-01-03,177.78640747070312,182.00999450683594,182.8800048828125,177.7100067138672,177.8300018310547,104487900
2022-01-04,175.53001403808594,179.6999969482422,182.94000244140625,179.1199951171875,182.6300048828125,99310400
2022-01-05,170.8609161376953,174.9199981689453,180.1699981689453,174.63999938964844,179.61000061035156,94537600
2022-01-06,168.0086669921875,172.0,175.3000030517578,171.63999938964844,172.6999969482422,96904000
2022-01-07,168.17474365234375,172.1699981689453,174.13999938964844,171.02999877929688,172.88999938964844,86709100
2022-01-10,168.19427490234375,172.19000244140625,172.5,168.1699981689453,169.0800018310547,106765600
2022-01-11,171.01719665527344,175.0800018310547,175.17999267578125,170.82000732421875,172.32000732421875,76138300
2022-01-12,171.45675659179688,175.52999877929688,177.17999267578125,174.82000732421875,176.1199951171875,74805200
2022-01-13,168.19427490234375,172.19000244140625,176.6199951171875,171.7899932861328,175.77999877929688,84505800
2022-01-14,169.0538787841797,173.07000732421875,173.77999877929688,171.08999633789062,171.33999633789062,80440800
2022-01-18,165.85972595214844,169.8000030517578,172.5399932861328,169.41000366210938,171.50999450683594,90956700
2022-01-19,162.37257385253906,166.22999572753906,171.0800018310547,165.94000244140625,170.0,94815000
2022-01-20,160.69244384765625,164.50999450683594,169.67999267578125,164.17999267578125,166.97999572753906,91420500
2022-01-21,158.64125061035156,162.41000366210938,166.3300018310547,162.3000030517578,164.4199981689453,122848900
2022-01-24,157.86953735351562,161.6199951171875,162.3000030517578,154.6999969482422,160.02000427246094,162294600
2022-01-25,156.072265625,159.77999877929688,162.75999450683594,157.02000427246094,158.97999572753906,115798400
2022-01-26,155.98434448242188,159.69000244140625,164.38999938964844,157.82000732421875,163.5,108275300
2022-01-27,155.52529907226562,159.22000122070312,163.83999633789062,158.27999877929688,162.4499969482422,121954600
2022-01-28,166.37741088867188,170.3300018310547,170.35000610351562,162.8000030517578,165.7100067138672,179935700
2022-01-31,170.72418212890625,174.77999877929688,175.0,169.50999450683594,170.16000366210938,115541600
2022-02-01,170.55813598632812,174.61000061035156,174.83999633789062,172.30999755859375,174.00999450683594,86213900
2022-02-02,171.75955200195312,175.83999633789062,175.8800048828125,173.3300018310547,174.75,84914300
2022-02-03,168.8878173828125,172.89999389648438,176.24000549316406,172.1199951171875,174.47999572753906,89418100
2022-02-04,168.60418701171875,172.38999938964844,174.10000610351562,170.67999267578125,171.67999267578125,82465400
2022-02-07,167.89015197753906,171.66000366210938,173.9499969482422,170.9499969482422,172.86000061035156,77251200
2022-02-08,170.99058532714844,174.8300018310547,175.35000610351562,171.42999267578125,171.72999572753906,74829200
2022-02-09,172.40875244140625,176.27999877929688,176.64999389648438,174.89999389648438,176.0500030517578,71285000
2022-02-10,168.340087890625,172.1199951171875,175.47999572753906,171.5500030517578,174.13999938964844,90865900
2022-02-11,164.93650817871094,168.63999938964844,173.0800018310547,168.0399932861328,172.3300018310547,98670700
2022-02-14,165.1712646484375,168.8800048828125,169.5800018310547,166.55999755859375,167.3699951171875,86185500
2022-02-15,168.9954071044922,172.7899932861328,172.9499969482422,170.25,170.97000122070312,62527400
2022-02-16,168.76065063476562,172.5500030517578,173.33999633789062,170.0500030517578,171.85000610351562,61177400
2022-02-17,165.1712646484375,168.8800048828125,171.91000366210938,168.47000122070312,171.02999877929688,69589300
2022-02-18,163.62596130371094,167.3000030517578,170.5399932861328,166.19000244140625,169.82000732421875,82772700
2022-02-22,160.71141052246094,164.32000732421875,166.69000244140625,162.14999389648438,164.97999572753906,91162800
2022-02-23,156.55471801757812,160.07000732421875,166.14999389648438,159.75,165.5399932861328,90009200
2022-02-24,159.16610717773438,162.74000549316406,162.85000610351562,152.0,152.5800018310547,141147500
2022-02-25,161.22975158691406,164.85000610351562,165.1199951171875,160.8699951171875,163.83999633789062,91974200
2022-02-28,161.49383544921875,165.1199951171875,165.4199981689453,162.42999267578125,163.05999755859375,95056600
2022-03-01,159.615966796875,163.1999969482422,166.60000610351562,161.97000122070312,164.6999969482422,83474400
2022-03-02,162.90219116210938,166.55999755859375,167.36000061035156,162.9499969482422,164.38999938964844,79724800
2022-03-03,162.5794677734375,166.22999572753906,168.91000366210938,165.5500030517578,168.47000122070312,76678400
2022-03-04,159.58665466308594,163.1699981689453,165.5500030517578,162.10000610351562,164.49000549316406,83737200
2022-03-07,155.80165100097656,159.3000030517578,165.02000427246094,159.0399932861328,163.36000061035156,96418800
2022-03-08,153.98248291015625,157.44000244140625,162.8800048828125,155.8000030517578,158.82000732421875,131148300
2022-03-09,159.3715057373047,162.9499969482422,163.41000366210938,159.41000366210938,161.47999572753906,91454900
2022-03-10,155.0387420654297,158.52000427246094,160.38999938964844,155.97999572753906,160.1999969482422,105342000
2022-03-11,151.3319854736328,154.72999572753906,159.27999877929688,154.5,158.92999267578125,96970100
2022-03-14,147.312255859375,150.6199951171875,154.1199951171875,150.10000610351562,151.4499969482422,108732100
2022-03-15,151.68411254882812,155.08999633789062,155.57000732421875,150.3800048828125,150.89999389648438,92964300
2022-03-16,156.0852508544922,159.58999633789062,160.0,154.4600067138672,157.0500030517578,102300200
2022-03-17,157.0926513671875,160.6199951171875,161.0,157.6300048828125,158.61000061035156,75615400
2022-03-18,160.3788604736328,163.97999572753906,164.47999572753906,159.75999450683594,160.50999450683594,123511700
2022-03-21,161.74815368652344,165.3800048828125,166.35000610351562,163.00999450683594,163.50999450683594,95811400
2022-03-22,165.11256408691406,168.82000732421875,169.4199981689453,164.91000366210938,165.50999450683594,81532000
2022-03-23,166.4720458984375,170.2100067138672,172.63999938964844,167.64999389648438,167.99000549316406,98062700
2022-03-24,170.2472686767578,174.07000732421875,174.13999938964844,170.2100067138672,171.05999755859375,90131400
2022-03-25,170.8830108642578,174.72000122070312,175.27999877929688,172.75,173.8800048828125,80546200
2022-03-28,171.74366760253906,175.60000610351562,175.72999572753906,172.0,172.1699981689453,90371900
2022-03-29,175.02989196777344,178.9600067138672,179.00999450683594,176.33999633789062,176.69000244140625,100589400
2022-03-30,173.86602783203125,177.77000427246094,179.61000061035156,176.6999969482422,178.5500030517578,92633200
2022-03-31,170.77545166015625,174.61000061035156,178.02999877929688,174.39999389648438,177.83999633789062,103049300
2022-04-01,170.48204040527344,174.30999755859375,174.8800048828125,171.94000244140625,174.02999877929688,78751300
2022-04-04,174.5213165283203,178.44000244140625,178.49000549316406,174.44000244140625,174.57000732421875,76468400
2022-04-05,171.21554565429688,175.05999755859375,178.3000030517578,174.4199981689453,177.5,73401800
2022-04-06,168.0564727783203,171.8300018310547,173.6300048828125,170.1300048828125,172.36000061035156,89058800
2022-04-07,168.35964965820312,172.13999938964844,173.36000061035156,169.85000610351562,171.16000366210938,77594700
2022-04-08,166.3546600341797,170.08999633789062,171.77999877929688,169.1999969482422,171.77999877929688,76575500
2022-04-11,162.10997009277344,165.75,169.02999877929688,165.5,168.7100067138672,72246700
2022-04-12,163.97805786132812,167.66000366210938,169.8699951171875,166.63999938964844,168.02000427246094,79265200
2022-04-13,166.6578826904297,170.39999389648438,171.0399932861328,166.77000427246094,167.38999938964844,70618900
2022-04-14,161.66006469726562,165.2899932861328,171.27000427246094,165.0399932861328,170.6199951171875,75329400
2022-04-18,161.44491577148438,165.07000732421875,166.60000610351562,163.57000732421875,163.9199981689453,69023900
2022-04-19,163.72378540039062,167.39999389648438,167.82000732421875,163.91000366210938,165.02000427246094,67723800
2022-04-20,163.55747985839844,167.22999572753906,168.8800048828125,166.10000610351562,168.75999450683594,67929800
2022-04-21,162.76524353027344,166.4199981689453,171.52999877929688,165.91000366210938,168.91000366210938,87227800
2022-04-22,158.23695373535156,161.7899932861328,167.8699951171875,161.5,166.4600067138672,84882400
2022-04-25,159.3030548095703,162.8800048828125,163.1699981689453,158.4600067138672,161.1199951171875,96046400
2022-04-26,153.35650634765625,156.8000030517578,162.33999633789062,156.72000122070312,162.25,95623200
2022-04-27,153.13156127929688,156.57000732421875,159.7899932861328,155.3800048828125,155.91000366210938,88063200
2022-04-28,160.04635620117188,163.63999938964844,164.52000427246094,158.92999267578125,159.25,130216800
2022-04-29,154.1878662109375,157.64999389648438,166.1999969482422,157.25,161.83999633789062,131747600
2022-05-02,154.49107360839844,157.9600067138672,158.22999572753906,153.27000427246094,156.7100067138672,123055300
2022-05-03,155.9776611328125,159.47999572753906,160.7100067138672,156.32000732421875,158.14999389648438,88966500
2022-05-04,162.3740692138672,166.02000427246094,166.47999572753906,159.25999450683594,159.6699981689453,108256500
2022-05-05,153.3271942138672,156.77000427246094,164.0800018310547,154.9499969482422,163.85000610351562,130525300
2022-05-06,154.05197143554688,157.27999877929688,159.44000244140625,154.17999267578125,156.00999450683594,116124600
2022-05-09,148.9391632080078,152.05999755859375,155.8300018310547,151.49000549316406,154.92999267578125,131577900
2022-05-10,151.3388671875,154.50999450683594,156.74000549316406,152.92999267578125,155.52000427246094,115366700
2022-05-11,143.49330139160156,146.5,155.4499969482422,145.80999755859375,153.5,142689800
2022-05-12,139.63412475585938,142.55999755859375,146.1999969482422,138.8000030517578,142.77000427246094,182602000
2022-05-13,144.09072875976562,147.11000061035156,148.10000610351562,143.11000061035156,144.58999633789062,113990900
2022-05-16,142.55294799804688,145.5399932861328,147.52000427246094,144.17999267578125,145.5500030517578,86643800
2022-05-17,146.17703247070312,149.24000549316406,149.77000427246094,146.67999267578125,148.86000061035156,78336300
2022-05-18,137.92984008789062,140.82000732421875,147.36000061035156,139.89999389648438,146.85000610351562,109742900
2022-05-19,134.53106689453125,137.35000610351562,141.66000366210938,136.60000610351562,139.8800048828125,136095600
2022-05-20,134.76611328125,137.58999633789062,140.6999969482422,132.61000061035156,139.08999633789062,137426100
2022-05-23,140.17283630371094,143.11000061035156,143.25999450683594,137.64999389648438,137.7899932861328,117726300
2022-05-24,137.47927856445312,140.36000061035156,141.97000122070312,137.3300018310547,140.80999755859375,104132700
2022-05-25,137.63597106933594,140.52000427246094,141.7899932861328,138.33999633789062,138.42999267578125,92482700
2022-05-26,140.82908630371094,143.77999877929688,144.33999633789062,137.13999938964844,137.38999938964844,90601500
2022-05-27,146.56881713867188,149.63999938964844,149.67999267578125,145.25999450683594,145.38999938964844,90978500
2022-05-31,145.7852325439453,148.83999633789062,150.66000366210938,146.83999633789062,149.07000732421875,103718400
2022-06-01,145.6579132080078,148.7100067138672,151.74000549316406,147.67999267578125,149.89999389648438,74286600
2022-06-02,148.10658264160156,151.2100067138672,151.27000427246094,146.86000061035156,147.8300018310547,72348100
2022-06-03,142.39625549316406,145.3800048828125,147.97000122070312,144.4600067138672,146.89999389648438,88570300
2022-06-06,143.1406707763672,146.13999938964844,148.57000732421875,144.89999389648438,147.02999877929688,71598400
2022-06-07,145.6579132080078,148.7100067138672,149.0,144.10000610351562,144.35000610351562,67808200
2022-06-08,144.92327880859375,147.9600067138672,149.8699951171875,147.4600067138672,148.5800018310547,53950200
2022-06-09,139.7124786376953,142.63999938964844,147.9499969482422,142.52999877929688,147.0800018310547,69473000
2022-06-10,134.31553649902344,137.1300048828125,140.75999450683594,137.05999755859375,140.27999877929688,91437900
2022-06-13,129.17333984375,131.8800048828125,135.1999969482422,131.44000244140625,132.8699951171875,122207100
2022-06-14,130.0352325439453,132.75999450683594,133.88999938964844,131.47999572753906,133.1300048828125,84784300
2022-06-15,132.65042114257812,135.42999267578125,137.33999633789062,132.16000366210938,134.2899932861328,91533000
2022-06-16,127.39066314697266,130.05999755859375,132.38999938964844,129.0399932861328,132.0800018310547,108123900
2022-06-17,128.85987854003906,131.55999755859375,133.0800018310547,129.80999755859375,130.07000732421875,134520300
2022-06-21,133.0814208984375,135.8699951171875,137.05999755859375,133.32000732421875,133.4199981689453,81000500
2022-06-22,132.57208251953125,135.35000610351562,137.75999450683594,133.91000366210938,134.7899932861328,73409200
2022-06-23,135.4321746826172,138.27000427246094,138.58999633789062,135.6300048828125,136.82000732421875,72433800
2022-06-24,138.7526092529297,141.66000366210938,141.91000366210938,139.77000427246094,139.89999389648438,89116800
2022-06-27,138.7526092529297,141.66000366210938,143.49000549316406,140.97000122070312,142.6999969482422,70207900
2022-06-28,134.61920166015625,137.44000244140625,143.4199981689453,137.32000732421875,142.1300048828125,67083400
2022-06-29,136.37246704101562,139.22999572753906,140.6699981689453,136.6699981689453,137.4600067138672,66242400
2022-06-30,133.91397094726562,136.72000122070312,138.3699951171875,133.77000427246094,137.25,98964500
2022-07-01,136.07861328125,138.92999267578125,139.0399932861328,135.66000366210938,136.0399932861328,71051600
2022-07-05,138.6546630859375,141.55999755859375,141.61000061035156,136.92999267578125,137.77000427246094,73353800
2022-07-06,139.9867401123047,142.9199981689453,144.1199951171875,141.0800018310547,141.35000610351562,74064300
2022-07-07,143.3463134765625,146.35000610351562,146.5500030517578,143.27999877929688,143.2899932861328,66253700
2022-07-08,144.02215576171875,147.0399932861328,147.5500030517578,145.0,145.25999450683594,64547800
2022-07-11,141.89669799804688,144.8699951171875,146.63999938964844,143.77999877929688,145.6699981689453,63141600
2022-07-12,142.86639404296875,145.86000061035156,148.4499969482422,145.0500030517578,145.75999450683594,77588800
2022-07-13,142.5039825439453,145.49000549316406,146.4499969482422,142.1199951171875,142.99000549316406,71185600
2022-07-14,145.4228057861328,148.47000122070312,148.9499969482422,143.25,144.0800018310547,78140700
2022-07-15,147.08790588378906,150.1699981689453,150.86000061035156,148.1999969482422,149.77999877929688,76259900
2022-07-18,144.05157470703125,147.07000732421875,151.57000732421875,146.6999969482422,150.74000549316406,81420900
2022-07-19,147.90090942382812,151.0,151.22999572753906,146.91000366210938,147.9199981689453,82982400
2022-07-20,149.8990478515625,153.0399932861328,153.72000122070312,150.3699951171875,151.1199951171875,64823400
2022-07-21,152.16160583496094,155.35000610351562,155.57000732421875,151.94000244140625,154.5,65086600
2022-07-22,150.92745971679688,154.08999633789062,156.27999877929688,153.41000366210938,155.38999938964844,66675400
2022-07-25,149.8108673095703,152.9499969482422,155.0399932861328,152.27999877929688,154.00999450683594,53623900
2022-07-26,148.48858642578125,151.60000610351562,153.08999633789062,150.8000030517578,152.25999450683594,55138700
2022-07-27,153.5720672607422,156.7899932861328,157.3300018310547,152.16000366210938,152.5800018310547,78620700
2022-07-28,154.12054443359375,157.35000610351562,157.63999938964844,154.41000366210938,156.97999572753906,81378700
2022-07-29,159.1746826171875,162.50999450683594,163.6300048828125,159.5,161.24000549316406,101786900
2022-08-01,158.1951904296875,161.50999450683594,163.58999633789062,160.88999938964844,161.00999450683594,67829400
2022-08-02,156.7259521484375,160.00999450683594,162.41000366210938,159.6300048828125,160.10000610351562,59907000
2022-08-03,162.7203826904297,166.1300048828125,166.58999633789062,160.75,160.83999633789062,82507500
2022-08-04,162.4069366455078,165.80999755859375,167.19000244140625,164.42999267578125,166.00999450683594,55474100
2022-08-05,162.18133544921875,165.35000610351562,165.85000610351562,163.0,163.2100067138672,56697000
2022-08-08,161.71054077148438,164.8699951171875,167.80999755859375,164.1999969482422,166.3699951171875,60276900
2022-08-09,161.7595977783203,164.9199981689453,165.82000732421875,163.25,164.02000427246094,63135500
2022-08-10,165.9967803955078,169.24000549316406,169.33999633789062,166.89999389648438,167.67999267578125,70170500
2022-08-11,165.26113891601562,168.49000549316406,170.99000549316406,168.19000244140625,170.05999755859375,57149200
2022-08-12,168.80201721191406,172.10000610351562,172.1699981689453,169.39999389648438,169.82000732421875,68039400
2022-08-15,169.87107849121094,173.19000244140625,173.38999938964844,171.35000610351562,171.52000427246094,54091700
2022-08-16,169.7141876220703,173.02999877929688,173.7100067138672,171.66000366210938,172.77999877929688,56377100
2022-08-17,171.20504760742188,174.5500030517578,176.14999389648438,172.57000732421875,172.77000427246094,79542000
2022-08-18,170.81271362304688,174.14999389648438,174.89999389648438,173.1199951171875,173.75,62290100
2022-08-19,168.2331085205078,171.52000427246094,173.74000549316406,171.30999755859375,173.02999877929688,70346300
2022-08-22,164.3588104248047,167.57000732421875,169.86000061035156,167.13999938964844,169.69000244140625,69026800
2022-08-23,164.02529907226562,167.22999572753906,168.7100067138672,166.64999389648438,167.0800018310547,54147100
2022-08-24,164.31956481933594,167.52999877929688,168.11000061035156,166.25,167.32000732421875,53841500
2022-08-25,166.77166748046875,170.02999877929688,170.13999938964844,168.35000610351562,168.77999877929688,51218200
2022-08-26,160.48446655273438,163.6199951171875,171.0500030517578,163.55999755859375,170.57000732421875,78961000
2022-08-29,158.28741455078125,161.3800048828125,162.89999389648438,159.82000732421875,161.14999389648438,73314000
2022-08-30,155.86476135253906,158.91000366210938,162.55999755859375,157.72000122070312,162.1300048828125,77906200
2022-08-31,154.20718383789062,157.22000122070312,160.5800018310547,157.13999938964844,160.30999755859375,87991100
2022-09-01,154.93296813964844,157.9600067138672,158.4199981689453,154.6699981689453,156.63999938964844,74229900
2022-09-02,152.82411193847656,155.80999755859375,160.36000061035156,154.97000122070312,159.75,76957800
2022-09-06,151.56866455078125,154.52999877929688,157.08999633789062,153.69000244140625,156.47000122070312,73714800
2022-09-07,152.97128295898438,155.9600067138672,156.6699981689453,153.61000061035156,154.82000732421875,87449600
2022-09-08,151.50006103515625,154.4600067138672,156.36000061035156,152.67999267578125,154.63999938964844,84923800
2022-09-09,154.35427856445312,157.3699951171875,157.82000732421875,154.75,155.47000122070312,68028800
2022-09-12,160.29812622070312,163.42999267578125,164.25999450683594,159.3000030517578,159.58999633789062,104956000
2022-09-13,150.8918914794922,153.83999633789062,160.5399932861328,153.3699951171875,159.89999389648438,122656600
2022-09-14,152.33377075195312,155.30999755859375,157.10000610351562,153.61000061035156,154.7899932861328,87965400
2022-09-15,149.4500732421875,152.3699951171875,155.24000549316406,151.3800048828125,154.64999389648438,90481100
2022-09-16,147.8120880126953,150.6999969482422,151.35000610351562,148.3699951171875,151.2100067138672,162278800
2022-09-19,151.51963806152344,154.47999572753906,154.55999755859375,149.10000610351562,149.30999755859375,81474200
2022-09-20,153.8932647705078,156.89999389648438,158.0800018310547,153.0800018310547,153.39999389648438,107689800
2022-09-21,150.77423095703125,153.72000122070312,158.74000549316406,153.60000610351562,157.33999633789062,101696800
2022-09-22,149.81300354003906,152.74000549316406,154.47000122070312,150.91000366210938,152.3800048828125,86652500
2022-09-23,147.54727172851562,150.42999267578125,151.47000122070312,148.55999755859375,151.19000244140625,96029900
2022-09-26,147.88076782226562,150.77000427246094,153.77000427246094,149.63999938964844,149.66000366210938,93339400
2022-09-27,148.8517608642578,151.75999450683594,154.72000122070312,149.9499969482422,152.74000549316406,84442700
2022-09-28,146.96853637695312,149.83999633789062,150.63999938964844,144.83999633789062,147.63999938964844,146691400
2022-09-29,139.74961853027344,142.47999572753906,146.72000122070312,140.67999267578125,146.10000610351562,128138200
2022-09-30,135.55162048339844,138.1999969482422,143.10000610351562,138.0,141.27999877929688,124925300
2022-10-03,139.72019958496094,142.4499969482422,143.07000732421875,137.69000244140625,138.2100067138672,114311700
2022-10-04,143.3002166748047,146.10000610351562,146.22000122070312,144.25999450683594,145.02999877929688,87830100
2022-10-05,143.59446716308594,146.39999389648438,147.3800048828125,143.00999450683594,144.07000732421875,79471000
2022-10-06,142.64309692382812,145.42999267578125,147.5399932861328,145.22000122070312,145.80999755859375,68402200
2022-10-07,137.40541076660156,140.08999633789062,143.10000610351562,139.4499969482422,142.5399932861328,85925600
2022-10-10,137.72906494140625,140.4199981689453,141.88999938964844,138.57000732421875,140.4199981689453,74899000
2022-10-11,136.316650390625,138.97999572753906,141.35000610351562,138.22000122070312,139.89999389648438,77033700
2022-10-12,135.68894958496094,138.33999633789062,140.36000061035156,138.16000366210938,139.1300048828125,70433700
2022-10-13,140.2498321533203,142.99000549316406,143.58999633789062,134.3699951171875,134.99000549316406,113224000
2022-10-14,135.7281494140625,138.3800048828125,144.52000427246094,138.19000244140625,144.30999755859375,88598000
2022-10-17,139.68093872070312,142.41000366210938,142.89999389648438,140.27000427246094,141.07000732421875,85250900
2022-10-18,140.99526977539062,143.75,146.6999969482422,140.61000061035156,145.49000549316406,99136600
2022-10-19,141.1031494140625,143.86000061035156,144.9499969482422,141.5,141.69000244140625,61758300
2022-10-20,140.64218139648438,143.38999938964844,145.88999938964844,142.64999389648438,143.02000427246094,64522000
2022-10-21,144.44781494140625,147.27000427246094,147.85000610351562,142.64999389648438,142.8699951171875,86548600
2022-10-24,146.58602905273438,149.4499969482422,150.22999572753906,146.0,147.19000244140625,75981900
2022-10-25,149.42066955566406,152.33999633789062,152.49000549316406,149.36000061035156,150.08999633789062,74732300
2022-10-26,146.48794555664062,149.35000610351562,151.99000549316406,148.0399932861328,150.9600067138672,88194300
2022-10-27,142.025146484375,144.8000030517578,149.0500030517578,144.1300048828125,148.07000732421875,109180200
2022-10-28,152.7555389404297,155.74000549316406,157.5,147.82000732421875,148.1999969482422,164762400
2022-10-31,150.4014892578125,153.33999633789062,154.24000549316406,151.9199981689453,153.16000366210938,97943200
2022-11-01,147.76304626464844,150.64999389648438,155.4499969482422,149.1300048828125,155.0800018310547,80379300
2022-11-02,142.25076293945312,145.02999877929688,152.1699981689453,145.0,148.9499969482422,93604600
2022-11-03,136.2186279296875,138.8800048828125,142.8000030517578,138.75,142.05999755859375,97918500
2022-11-04,135.9533233642578,138.3800048828125,142.6699981689453,134.3800048828125,142.08999633789062,140814800
2022-11-07,136.48388671875,138.9199981689453,139.14999389648438,135.6699981689453,137.11000061035156,83374600
2022-11-08,137.05368041992188,139.5,141.42999267578125,137.49000549316406,140.41000366210938,89908500
2022-11-09,132.50486755371094,134.8699951171875,138.5500030517578,134.58999633789062,138.5,74917800
2022-11-10,144.29443359375,146.8699951171875,146.8699951171875,139.5,141.24000549316406,118854000
2022-11-11,147.07481384277344,149.6999969482422,150.00999450683594,144.3699951171875,145.82000732421875,93979700
2022-11-14,145.6797332763672,148.27999877929688,150.27999877929688,147.42999267578125,148.97000122070312,73374100
2022-11-15,147.4088134765625,150.0399932861328,153.58999633789062,148.55999755859375,152.22000122070312,89868300
2022-11-16,146.1807861328125,148.7899932861328,149.8699951171875,147.2899932861328,149.1300048828125,64218300
2022-11-17,148.07693481445312,150.72000122070312,151.47999572753906,146.14999389648438,146.42999267578125,80389400
2022-11-18,148.63694763183594,151.2899932861328,152.6999969482422,149.97000122070312,152.30999755859375,74829600
2022-11-21,145.41444396972656,148.00999450683594,150.3699951171875,147.72000122070312,150.16000366210938,58724100
2022-11-22,147.54640197753906,150.17999267578125,150.4199981689453,146.92999267578125,148.1300048828125,51804100
2022-11-23,148.42083740234375,151.07000732421875,151.8300018310547,149.33999633789062,149.4499969482422,58301400
2022-11-25,145.51271057128906,148.11000061035156,148.8800048828125,147.1199951171875,148.30999755859375,35195900
2022-11-28,141.69091796875,144.22000122070312,146.63999938964844,143.3800048828125,145.13999938964844,69246000
2022-11-29,138.6944122314453,141.1699981689453,144.80999755859375,140.35000610351562,144.2899932861328,83763800
2022-11-30,145.4341278076172,148.02999877929688,148.72000122070312,140.5500030517578,141.39999389648438,111380900
2022-12-01,145.7091827392578,148.30999755859375,149.1300048828125,146.61000061035156,148.2100067138672,71250400
2022-12-02,145.21792602539062,147.80999755859375,148.0,145.64999389648438,145.9600067138672,65447400
2022-12-05,144.05865478515625,146.6300048828125,150.9199981689453,145.77000427246094,147.77000427246094,68826400
2022-12-06,140.40391540527344,142.91000366210938,147.3000030517578,141.9199981689453,147.07000732421875,64727200
2022-12-07,138.46841430664062,140.94000244140625,143.3699951171875,140.0,142.19000244140625,69721100
2022-12-08,140.14846801757812,142.64999389648438,143.52000427246094,141.10000610351562,142.36000061035156,62128300
2022-12-09,139.66705322265625,142.16000366210938,145.57000732421875,140.89999389648438,142.33999633789062,76097000
2022-12-12,141.95619201660156,144.49000549316406,144.5,141.05999755859375,142.6999969482422,70462700
2022-12-13,142.91897583007812,145.47000122070312,149.97000122070312,144.24000549316406,149.5,93886200
2022-12-14,140.69862365722656,143.2100067138672,146.66000366210938,141.16000366210938,145.35000610351562,82291200
2022-12-15,134.10630798339844,136.5,141.8000030517578,136.02999877929688,141.11000061035156,98931900
2022-12-16,132.15121459960938,134.50999450683594,137.64999389648438,133.72999572753906,136.69000244140625,160156900
2022-12-19,130.04873657226562,132.3699951171875,135.1999969482422,131.32000732421875,135.11000061035156,79592600
2022-12-20,129.97998046875,132.3000030517578,133.25,129.88999938964844,131.38999938964844,77432800
2022-12-21,133.07473754882812,135.4499969482422,136.80999755859375,132.75,132.97999572753906,85928000
2022-12-22,129.91116333007812,132.22999572753906,134.55999755859375,130.3000030517578,134.35000610351562,77852100
2022-12-23,129.54766845703125,131.86000061035156,132.4199981689453,129.63999938964844,130.9199981689453,63814900
2022-12-27,127.749755859375,130.02999877929688,131.41000366210938,128.72000122070312,131.3800048828125,69007800
2022-12-28,123.82974243164062,126.04000091552734,131.02999877929688,125.87000274658203,129.6699981689453,85438400
2022-12-29,127.33712768554688,129.61000061035156,130.47999572753906,127.7300033569336,127.98999786376953,75703700
2022-12-30,127.65149688720703,129.92999267578125,129.9499969482422,127.43000030517578,128.41000366210938,77034200
2023-01-03,122.87673950195312,125.06999969482422,130.89999389648438,124.16999816894531,130.27999877929688,112117500
2023-01-04,124.14412689208984,126.36000061035156,128.66000366210938,125.08000183105469,126.88999938964844,89113600
2023-01-05,122.8276138305664,125.0199966430664,127.7699966430664,124.76000213623047,127.12999725341797,80962700
2023-01-06,127.3469467163086,129.6199951171875,130.2899932861328,124.88999938964844,126.01000213623047,87754700
2023-01-09,127.86764526367188,130.14999389648438,133.41000366210938,129.88999938964844,130.47000122070312,70790800
2023-01-10,128.43751525878906,130.72999572753906,131.25999450683594,128.1199951171875,130.25999450683594,63896200
2023-01-11,131.1491241455078,133.49000549316406,133.50999450683594,130.4600067138672,131.25,69458900
2023-01-12,131.07049560546875,133.41000366210938,134.25999450683594,131.44000244140625,133.8800048828125,71379600
2023-01-13,132.3968048095703,134.75999450683594,134.9199981689453,131.66000366210938,132.02999877929688,57809700
2023-01-17,133.55613708496094,135.94000244140625,137.2899932861328,134.1300048828125,134.8300018310547,63646600
2023-01-18,132.83892822265625,135.2100067138672,138.61000061035156,135.02999877929688,136.82000732421875,69672800
2023-01-19,132.89788818359375,135.27000427246094,136.25,133.77000427246094,134.0800018310547,58280400
2023-01-20,135.45225524902344,137.8699951171875,138.02000427246094,134.22000122070312,135.27999877929688,80223600
2023-01-23,138.63543701171875,141.11000061035156,143.32000732421875,137.89999389648438,138.1199951171875,81760300
2023-01-24,140.03057861328125,142.52999877929688,143.16000366210938,140.3000030517578,140.30999755859375,66435100
2023-01-25,139.37234497070312,141.86000061035156,142.42999267578125,138.80999755859375,140.88999938964844,65799300
2023-01-26,141.4354705810547,143.9600067138672,144.25,141.89999389648438,143.1699981689453,54105100
2023-01-27,143.37094116210938,145.92999267578125,147.22999572753906,143.0800018310547,143.16000366210938,70555800
2023-01-30,140.49229431152344,143.0,145.5500030517578,142.85000610351562,144.9600067138672,64015300
2023-01-31,141.7596893310547,144.2899932861328,144.33999633789062,142.27999877929688,142.6999969482422,65874500
2023-02-01,142.87973022460938,145.42999267578125,146.61000061035156,141.32000732421875,143.97000122070312,77663600
2023-02-02,148.17520141601562,150.82000732421875,151.17999267578125,148.1699981689453,148.89999389648438,118339000
2023-02-03,151.79063415527344,154.5,157.3800048828125,147.8300018310547,148.02999877929688,154357300
2023-02-06,149.06922912597656,151.72999572753906,153.10000610351562,150.77999877929688,152.57000732421875,69858300
2023-02-07,151.9380340576172,154.64999389648438,155.22999572753906,150.63999938964844,150.63999938964844,83322600
2023-02-08,149.2559051513672,151.9199981689453,154.5800018310547,151.1699981689453,153.8800048828125,64120100
2023-02-09,148.22430419921875,150.8699951171875,154.3300018310547,150.4199981689453,153.77999877929688,56007100
2023-02-10,148.58836364746094,151.00999450683594,151.33999633789062,149.22000122070312,149.4600067138672,57450700
2023-02-13,151.38282775878906,153.85000610351562,154.25999450683594,150.9199981689453,150.9499969482422,62199000
2023-02-14,150.7432861328125,153.1999969482422,153.77000427246094,150.86000061035156,152.1199951171875,61707600
2023-02-15,152.83912658691406,155.3300018310547,155.5,152.8800048828125,153.11000061035156,65573800
2023-02-16,151.24505615234375,153.7100067138672,156.3300018310547,153.35000610351562,153.50999450683594,68167900
2023-02-17,150.10369873046875,152.5500030517578,153.0,150.85000610351562,152.35000610351562,59144100
2023-02-21,146.09890747070312,148.47999572753906,151.3000030517578,148.41000366210938,150.1999969482422,58867200
2023-02-22,146.52206420898438,148.91000366210938,149.9499969482422,147.16000366210938,148.8699951171875,51011300
2023-02-23,147.0041961669922,149.39999389648438,150.33999633789062,147.24000549316406,150.08999633789062,48394200
2023-02-24,144.3573455810547,146.7100067138672,147.19000244140625,145.72000122070312,147.11000061035156,55469600
2023-02-27,145.5479278564453,147.9199981689453,149.1699981689453,147.4499969482422,147.7100067138672,44998500
2023-02-28,145.04611206054688,147.41000366210938,149.0800018310547,146.8300018310547,147.0500030517578,50547000
2023-03-01,142.97976684570312,145.30999755859375,147.22999572753906,145.00999450683594,146.8300018310547,55479000
2023-03-02,143.57015991210938,145.91000366210938,146.7100067138672,143.89999389648438,144.3800048828125,52238100
2023-03-03,148.60804748535156,151.02999877929688,151.11000061035156,147.3300018310547,148.0399932861328,70732300
2023-03-06,151.36317443847656,153.8300018310547,156.3000030517578,153.4600067138672,153.7899932861328,87558000
2023-03-07,149.16893005371094,151.60000610351562,154.02999877929688,151.1300048828125,153.6999969482422,56182000
2023-03-08,150.41854858398438,152.8699951171875,153.47000122070312,151.8300018310547,152.80999755859375,47204800
2023-03-09,148.17510986328125,150.58999633789062,154.5399932861328,150.22999572753906,153.55999755859375,53833600
2023-03-10,146.11863708496094,148.5,150.94000244140625,147.61000061035156,150.2100067138672,68572400
2023-03-13,148.05703735351562,150.47000122070312,153.13999938964844,147.6999969482422,147.80999755859375,84457100
2023-03-14,150.14305114746094,152.58999633789062,153.39999389648438,150.10000610351562,151.27999877929688,73695900
2023-03-15,150.53663635253906,152.99000549316406,153.25,149.9199981689453,151.19000244140625,77167900
2023-03-16,153.35076904296875,155.85000610351562,156.4600067138672,151.63999938964844,152.16000366210938,76161100
2023-03-17,152.51438903808594,155.0,156.74000549316406,154.27999877929688,156.0800018310547,98944600
2023-03-20,154.87591552734375,157.39999389648438,157.82000732421875,154.14999389648438,155.07000732421875,73641400
2023-03-21,156.7257537841797,159.27999877929688,159.39999389648438,156.5399932861328,157.32000732421875,73938300
2023-03-22,155.29901123046875,157.8300018310547,162.13999938964844,157.80999755859375,159.3000030517578,75701800
2023-03-23,156.38136291503906,158.92999267578125,161.5500030517578,157.67999267578125,158.8300018310547,67622100
2023-03-24,157.68019104003906,160.25,160.33999633789062,157.85000610351562,158.86000061035156,59196500
2023-03-27,155.7417755126953,158.27999877929688,160.77000427246094,157.8699951171875,159.94000244140625,52390300
2023-03-28,155.1219024658203,157.64999389648438,158.49000549316406,155.97999572753906,157.97000122070312,45992200
2023-03-29,158.19186401367188,160.77000427246094,161.0500030517578,159.35000610351562,159.3699951171875,51305700
2023-03-30,159.75637817382812,162.36000061035156,162.47000122070312,161.27000427246094,161.52999877929688,49501700
2023-03-31,162.25563049316406,164.89999389648438,165.0,161.91000366210938,162.44000244140625,68749800
2023-04-03,163.5052490234375,166.1699981689453,166.2899932861328,164.22000122070312,164.27000427246094,56976200
2023-04-04,162.9739227294922,165.6300048828125,166.83999633789062,165.11000061035156,166.60000610351562,46278300
2023-04-05,161.13392639160156,163.75999450683594,165.0500030517578,161.8000030517578,164.74000549316406,51511700
2023-04-06,162.01947021484375,164.66000366210938,164.9600067138672,162.0,162.42999267578125,45390100
2023-04-10,159.43165588378906,162.02999877929688,162.02999877929688,160.0800018310547,161.4199981689453,47716900
2023-04-11,158.2213897705078,160.8000030517578,162.36000061035156,160.50999450683594,162.35000610351562,47644200
2023-04-12,157.5326385498047,160.10000610351562,162.05999755859375,159.77999877929688,161.22000122070312,50133100
2023-04-13,162.90505981445312,165.55999755859375,165.8000030517578,161.4199981689453,161.6300048828125,68445600
2023-04-14,162.56068420410156,165.2100067138672,166.32000732421875,163.82000732421875,164.58999633789062,49386500
2023-04-17,162.58033752441406,165.22999572753906,165.38999938964844,164.02999877929688,165.08999633789062,41516200
2023-04-18,163.80044555664062,166.47000122070312,167.41000366210938,165.64999389648438,166.10000610351562,49923000
2023-04-19,164.94186401367188,167.6300048828125,168.16000366210938,165.5399932861328,165.8000030517578,47720200
2023-04-20,163.97755432128906,166.64999389648438,167.8699951171875,165.55999755859375,166.08999633789062,52456400
2023-04-21,162.37371826171875,165.02000427246094,166.4499969482422,164.49000549316406,165.0500030517578,58337300
2023-04-24,162.67872619628906,165.3300018310547,165.60000610351562,163.88999938964844,165.0,41949600
2023-04-25,161.14378356933594,163.77000427246094,166.30999755859375,163.72999572753906,165.19000244140625,48714100
2023-04-26,161.13392639160156,163.75999450683594,165.27999877929688,162.8000030517578,163.05999755859375,45498800
2023-04-27,165.70936584472656,168.41000366210938,168.55999755859375,165.19000244140625,165.19000244140625,64902300
2023-04-28,166.95896911621094,169.67999267578125,169.85000610351562,167.8800048828125,168.49000549316406,55275900
2023-05-01,166.87042236328125,169.58999633789062,170.4499969482422,168.63999938964844,169.27999877929688,52472900
2023-05-02,165.83724975585938,168.5399932861328,170.35000610351562,167.5399932861328,170.08999633789062,48425700
2023-05-03,164.7647247314453,167.4499969482422,170.9199981689453,167.16000366210938,169.5,65136000
2023-05-04,163.13133239746094,165.7899932861328,167.0399932861328,164.30999755859375,164.88999938964844,81235400
2023-05-05,170.78662109375,173.57000732421875,174.3000030517578,170.75999450683594,170.97999572753906,113453200
2023-05-08,170.71771240234375,173.5,173.85000610351562,172.11000061035156,172.47999572753906,55962800
2023-05-09,169.01547241210938,171.77000427246094,173.5399932861328,171.60000610351562,173.0500030517578,45326900
2023-05-10,170.7767791748047,173.55999755859375,174.02999877929688,171.89999389648438,173.02000427246094,53724500
2023-05-11,170.96371459960938,173.75,174.58999633789062,172.1699981689453,173.85000610351562,49514700
2023-05-12,170.0375213623047,172.57000732421875,174.05999755859375,171.0,173.6199951171875,45533100
2023-05-15,169.5448455810547,172.07000732421875,173.2100067138672,171.47000122070312,173.16000366210938,37266700
2023-05-16,169.5448455810547,172.07000732421875,173.13999938964844,171.8000030517578,171.99000549316406,42110300
2023-05-17,170.15574645996094,172.69000244140625,172.92999267578125,170.4199981689453,171.7100067138672,57951600
2023-05-18,172.4811248779297,175.0500030517578,175.24000549316406,172.5800018310547,173.0,65496700
2023-05-19,172.58950805664062,175.16000366210938,176.38999938964844,174.94000244140625,176.38999938964844,55809500
2023-05-22,171.64358520507812,174.1999969482422,174.7100067138672,173.4499969482422,173.97999572753906,43570900
2023-05-23,169.0423583984375,171.55999755859375,173.3800048828125,171.27999877929688,173.1300048828125,50747300
2023-05-24,169.31822204589844,171.83999633789062,172.4199981689453,170.52000427246094,171.08999633789062,45143500
2023-05-25,170.4513397216797,172.99000549316406,173.89999389648438,171.69000244140625,172.41000366210938,56058300
2023-05-26,172.8555450439453,175.42999267578125,175.77000427246094,173.11000061035156,173.32000732421875,54835000
2023-05-30,174.69810485839844,177.3000030517578,178.99000549316406,176.57000732421875,176.9600067138672,55964400
2023-05-31,174.64886474609375,177.25,179.35000610351562,176.75999450683594,177.3300018310547,99625300
2023-06-01,177.44715881347656,180.08999633789062,180.1199951171875,176.92999267578125,177.6999969482422,68901800
2023-06-02,178.2945098876953,180.9499969482422,181.77999877929688,179.25999450683594,181.02999877929688,61996900
2023-06-05,176.9446258544922,179.5800018310547,184.9499969482422,178.0399932861328,182.6300048828125,121946500
2023-06-06,176.58006286621094,179.2100067138672,180.1199951171875,177.42999267578125,179.97000122070312,64848400
2023-06-07,175.21044921875,177.82000732421875,181.2100067138672,177.32000732421875,178.44000244140625,61944600
2023-06-08,177.92010498046875,180.57000732421875,180.83999633789062,177.4600067138672,177.89999389648438,50214900
2023-06-09,178.3043975830078,180.9600067138672,182.22999572753906,180.6300048828125,181.5,48900000
2023-06-12,181.0928497314453,183.7899932861328,183.88999938964844,180.97000122070312,181.27000427246094,54274900
2023-06-13,180.61990356445312,183.30999755859375,184.14999389648438,182.44000244140625,182.8000030517578,54929100
2023-06-14,181.25048828125,183.9499969482422,184.38999938964844,182.02000427246094,183.3699951171875,57462900
2023-06-15,183.28028869628906,186.00999450683594,186.52000427246094,183.77999877929688,183.9600067138672,65433200
2023-06-16,182.20626831054688,184.9199981689453,186.99000549316406,184.27000427246094,186.72999572753906,101256200
2023-06-20,182.29495239257812,185.00999450683594,186.10000610351562,184.41000366210938,184.41000366210938,49799100
2023-06-21,181.2603759765625,183.9600067138672,185.41000366210938,182.58999633789062,184.89999389648438,49515700
2023-06-22,184.25575256347656,187.0,187.0500030517578,183.6699981689453,183.74000549316406,51245300
2023-06-23,183.94046020507812,186.67999267578125,187.55999755859375,185.00999450683594,185.5500030517578,53117000
2023-06-26,182.5511474609375,185.27000427246094,188.0500030517578,185.22999572753906,186.8300018310547,48088700
2023-06-27,185.30018615722656,188.05999755859375,188.38999938964844,185.6699981689453,185.88999938964844,50730800
2023-06-28,186.47268676757812,189.25,189.89999389648438,187.60000610351562,187.92999267578125,51216800
2023-06-29,186.80772399902344,189.58999633789062,190.07000732421875,188.94000244140625,189.0800018310547,46347300
2023-06-30,191.12347412109375,193.97000122070312,194.47999572753906,191.25999450683594,191.6300048828125,85213200
2023-07-03,189.63560485839844,192.4600067138672,193.8800048828125,191.75999450683594,193.77999877929688,31458200
2023-07-05,188.5221710205078,191.3300018310547,192.97999572753906,190.6199951171875,191.57000732421875,46920300
2023-07-06,188.99514770507812,191.80999755859375,192.02000427246094,189.1999969482422,189.83999633789062,45094300
2023-07-07,187.88172912597656,190.67999267578125,192.6699981689453,190.24000549316406,191.41000366210938,46815000
2023-07-10,185.8421173095703,188.61000061035156,189.99000549316406,187.0399932861328,189.25999450683594,59922200
2023-07-11,185.3198699951172,188.0800018310547,189.3000030517578,186.60000610351562,189.16000366210938,46638100
2023-07-12,186.98509216308594,189.77000427246094,191.6999969482422,188.47000122070312,189.67999267578125,60750200
2023-07-13,187.7437744140625,190.5399932861328,191.19000244140625,189.77999877929688,190.5,41342300
2023-07-14,187.89154052734375,190.69000244140625,191.17999267578125,189.6300048828125,190.22999572753906,41616200
2023-07-17,191.14312744140625,193.99000549316406,194.32000732421875,191.80999755859375,191.89999389648438,50520200
2023-07-18,190.88697814941406,193.72999572753906,194.3300018310547,192.4199981689453,193.35000610351562,48288200
2023-07-19,192.23687744140625,195.10000610351562,198.22999572753906,192.64999389648438,193.10000610351562,80507300
2023-07-20,190.29580688476562,193.1300048828125,196.47000122070312,192.5,195.08999633789062,59581200
2023-07-21,189.12322998046875,191.94000244140625,194.97000122070312,191.22999572753906,194.10000610351562,71951700
2023-07-24,189.9213409423828,192.75,194.91000366210938,192.25,193.41000366210938,45377800
2023-07-25,190.77862548828125,193.6199951171875,194.44000244140625,192.9199981689453,193.3300018310547,37283200
2023-07-26,191.6456756591797,194.5,195.63999938964844,193.32000732421875,193.6699981689453,47471900
2023-07-27,190.3844451904297,193.22000122070312,197.1999969482422,192.5500030517578,196.02000427246094,47460200
2023-07-28,192.95614624023438,195.8300018310547,196.6300048828125,194.13999938964844,194.6699981689453,48291400
2023-07-31,193.56704711914062,196.4499969482422,196.49000549316406,195.25999450683594,196.05999755859375,38824100
2023-08-01,192.73939514160156,195.61000061035156,196.72999572753906,195.27999877929688,196.24000549316406,35175100
2023-08-02,189.7538604736328,192.5800018310547,195.17999267578125,191.85000610351562,195.0399932861328,50389300
2023-08-03,188.36456298828125,191.1699981689453,192.3699951171875,190.69000244140625,191.57000732421875,61235200
2023-08-04,179.31927490234375,181.99000549316406,187.3800048828125,181.9199981689453,185.52000427246094,115956800
2023-08-07,176.22535705566406,178.85000610351562,183.1300048828125,177.35000610351562,182.1300048828125,97576100
2023-08-08,177.1614227294922,179.8000030517578,180.27000427246094,177.5800018310547,179.69000244140625,67823000
2023-08-09,175.57501220703125,178.19000244140625,180.92999267578125,177.00999450683594,180.8699951171875,60378500
2023-08-10,175.3582763671875,177.97000122070312,180.75,177.60000610351562,179.47999572753906,54686900
2023-08-11,175.4174346923828,177.7899932861328,178.6199951171875,176.5500030517578,177.32000732421875,52036700
2023-08-14,177.065185546875,179.4600067138672,179.69000244140625,177.30999755859375,177.97000122070312,43675600
2023-08-15,175.0819854736328,177.4499969482422,179.47999572753906,177.0500030517578,178.8800048828125,43622600
2023-08-16,174.21371459960938,176.57000732421875,178.5399932861328,176.5,177.1300048828125,46964900
2023-08-17,171.6780548095703,174.0,177.50999450683594,173.47999572753906,177.13999938964844,66062900
2023-08-18,172.16151428222656,174.49000549316406,175.10000610351562,171.9600067138672,172.3000030517578,61172200
2023-08-21,173.49346923828125,175.83999633789062,176.1300048828125,173.74000549316406,175.07000732421875,46311900
2023-08-22,174.8649139404297,177.22999572753906,177.67999267578125,176.25,177.05999755859375,42038900
2023-08-23,178.70301818847656,181.1199951171875,181.5500030517578,178.3300018310547,178.52000427246094,52722800
2023-08-24,174.0262908935547,176.3800048828125,181.10000610351562,176.00999450683594,180.6699981689453,54945800
2023-08-25,176.2265167236328,178.61000061035156,179.14999389648438,175.82000732421875,177.3800048828125,51449600
2023-08-28,177.78541564941406,180.19000244140625,180.58999633789062,178.5500030517578,180.08999633789062,43820700
2023-08-29,181.66299438476562,184.1199951171875,184.89999389648438,179.5,179.6999969482422,53003900
2023-08-30,185.1458740234375,187.64999389648438,187.85000610351562,184.74000549316406,184.94000244140625,60813900
2023-08-31,185.36294555664062,187.8699951171875,189.1199951171875,187.47999572753906,187.83999633789062,60794500
2023-09-01,186.9317169189453,189.4600067138672,189.9199981689453,188.27999877929688,189.49000549316406,45766500
2023-09-05,187.16851806640625,189.6999969482422,189.97999572753906,187.61000061035156,188.27999877929688,45280000
2023-09-06,180.4691162109375,182.91000366210938,188.85000610351562,181.47000122070312,188.39999389648438,81755800
2023-09-07,175.19052124023438,177.55999755859375,178.2100067138672,173.5399932861328,175.17999267578125,112488800
2023-09-08,175.80224609375,178.17999267578125,180.24000549316406,177.7899932861328,178.35000610351562,65551300
2023-09-11,176.96652221679688,179.36000061035156,180.3000030517578,177.33999633789062,180.07000732421875,58953100
2023-09-12,173.94732666015625,176.3000030517578,180.1300048828125,174.82000732421875,179.49000549316406,90370200
2023-09-13,171.88523864746094,174.2100067138672,177.3000030517578,173.97999572753906,176.50999450683594,84267900
2023-09-14,173.3948211669922,175.74000549316406,176.10000610351562,173.5800018310547,174.0,60895800
2023-09-15,172.67454528808594,175.00999450683594,176.5,173.82000732421875,176.47999572753906,109259500
2023-09-18,175.59506225585938,177.97000122070312,179.3800048828125,176.1699981689453,176.47999572753906,67257600
2023-09-19,176.68038940429688,179.07000732421875,179.6300048828125,177.1300048828125,177.52000427246094,51826900
2023-09-20,173.14816284179688,175.49000549316406,179.6999969482422,175.39999389648438,179.25999450683594,58436200
2023-09-21,171.60897827148438,173.92999267578125,176.3000030517578,173.86000061035156,174.5500030517578,63149100
2023-09-22,172.45748901367188,174.7899932861328,177.0800018310547,174.0500030517578,174.6699981689453,56725400
2023-09-25,173.73028564453125,176.0800018310547,176.97000122070312,174.14999389648438,174.1999969482422,46172700
2023-09-26,169.665283203125,171.9600067138672,175.1999969482422,171.66000366210938,174.82000732421875,64588900
2023-09-27,168.15565490722656,170.42999267578125,173.0399932861328,169.0500030517578,172.6199951171875,66921800
2023-09-28,168.41221618652344,170.69000244140625,172.02999877929688,167.6199951171875,169.33999633789062,56294400
2023-09-29,168.92529296875,171.2100067138672,173.07000732421875,170.33999633789062,172.02000427246094,51861100
2023-10-02,171.431396484375,173.75,174.3000030517578,170.92999267578125,171.22000122070312,52164500
2023-10-03,170.09939575195312,172.39999389648438,173.6300048828125,170.82000732421875,172.25999450683594,49594600
2023-10-04,171.3425750732422,173.66000366210938,174.2100067138672,170.97000122070312,171.08999633789062,53020300
2023-10-05,172.57589721679688,174.91000366210938,175.4499969482422,172.67999267578125,173.7899932861328,48527900
2023-10-06,175.12144470214844,177.49000549316406,177.99000549316406,173.17999267578125,173.8000030517578,57266700
2023-10-09,176.60145568847656,178.99000549316406,179.0500030517578,175.8000030517578,176.80999755859375,42390800
2023-10-10,176.0094451904297,178.38999938964844,179.72000122070312,177.9499969482422,178.10000610351562,43698000
2023-10-11,177.40065002441406,179.8000030517578,179.85000610351562,177.60000610351562,178.1999969482422,47551100
2023-10-12,178.29849243164062,180.7100067138672,182.33999633789062,179.0399932861328,180.07000732421875,56743100
2023-10-13,176.46334838867188,178.85000610351562,181.92999267578125,178.13999938964844,181.4199981689453,51427100
2023-10-16,176.33505249023438,178.72000122070312,179.0800018310547,176.50999450683594,176.75,52517000
2023-10-17,174.78599548339844,177.14999389648438,178.4199981689453,174.8000030517578,176.64999389648438,57549400
2023-10-18,173.49346923828125,175.83999633789062,177.5800018310547,175.11000061035156,175.5800018310547,54764400
2023-10-19,173.1185760498047,175.4600067138672,177.83999633789062,175.19000244140625,176.0399932861328,59302900
2023-10-20,170.57298278808594,172.8800048828125,175.4199981689453,172.63999938964844,175.30999755859375,64244000
2023-10-23,170.69137573242188,173.0,174.00999450683594,169.92999267578125,170.91000366210938,55980100
2023-10-24,171.12550354003906,173.44000244140625,173.6699981689453,171.4499969482422,173.0500030517578,43816600
2023-10-25,168.8167266845703,171.10000610351562,173.05999755859375,170.64999389648438,171.8800048828125,57157000
2023-10-26,164.66293334960938,166.88999938964844,171.3800048828125,165.6699981689453,170.3699951171875,70625300
2023-10-27,165.97515869140625,168.22000122070312,168.9600067138672,166.8300018310547,166.91000366210938,58499100
2023-10-30,168.01751708984375,170.2899932861328,171.1699981689453,168.8699951171875,169.02000427246094,51131000
2023-10-31,168.4911651611328,170.77000427246094,170.89999389648438,167.89999389648438,169.35000610351562,44846000
2023-11-01,171.6484375,173.97000122070312,174.22999572753906,170.1199951171875,171.0,56934900
2023-11-02,175.20037841796875,177.57000732421875,177.77999877929688,175.4600067138672,175.52000427246094,77334800
2023-11-03,174.2926788330078,176.64999389648438,176.82000732421875,173.35000610351562,174.24000549316406,79829200
2023-11-06,176.83822631835938,179.22999572753906,179.42999267578125,176.2100067138672,176.3800048828125,63841300
2023-11-07,179.39369201660156,181.82000732421875,182.44000244140625,178.97000122070312,179.17999267578125,70530000
2023-11-08,180.4493865966797,182.88999938964844,183.4499969482422,181.58999633789062,182.35000610351562,49340300
2023-11-09,179.975830078125,182.41000366210938,184.1199951171875,181.80999755859375,182.9600067138672,53763500
2023-11-10,184.1548614501953,186.39999389648438,186.57000732421875,183.52999877929688,183.97000122070312,66133400
2023-11-13,182.57412719726562,184.8000030517578,186.02999877929688,184.2100067138672,185.82000732421875,43627500
2023-11-14,185.1823272705078,187.44000244140625,188.11000061035156,186.3000030517578,187.6999969482422,60108400
2023-11-15,185.7454376220703,188.00999450683594,189.5,187.77999877929688,187.85000610351562,53790500
2023-11-16,187.4250030517578,189.7100067138672,190.9600067138672,188.64999389648438,189.57000732421875,54412900
2023-11-17,187.40524291992188,189.69000244140625,190.3800048828125,188.57000732421875,190.25,50922700
2023-11-20,189.14401245117188,191.4499969482422,191.91000366210938,189.8800048828125,189.88999938964844,46505100
2023-11-21,188.3437957763672,190.63999938964844,191.52000427246094,189.74000549316406,191.41000366210938,38134500
2023-11-22,189.00570678710938,191.30999755859375,192.92999267578125,190.8300018310547,191.49000549316406,39617700
2023-11-24,187.68185424804688,189.97000122070312,190.89999389648438,189.25,190.8699951171875,24048300
2023-11-27,187.5040283203125,189.7899932861328,190.6699981689453,188.89999389648438,189.9199981689453,40552600
2023-11-28,188.10667419433594,190.39999389648438,191.0800018310547,189.39999389648438,189.77999877929688,38415400
2023-11-29,187.08908081054688,189.3699951171875,192.08999633789062,188.97000122070312,190.89999389648438,43014200
2023-11-30,187.66209411621094,189.9499969482422,190.32000732421875,188.19000244140625,189.83999633789062,48794400
2023-12-01,188.9365692138672,191.24000549316406,191.55999755859375,189.22999572753906,190.3300018310547,45704800
2023-12-04,187.14834594726562,189.42999267578125,190.0500030517578,187.4499969482422,189.97999572753906,43389500
2023-12-05,191.0902862548828,193.4199981689453,194.39999389648438,190.17999267578125,190.2100067138672,66628400
2023-12-06,190.00355529785156,192.32000732421875,194.75999450683594,192.11000061035156,194.4499969482422,41089700
2023-12-07,191.93006896972656,194.27000427246094,195.0,193.58999633789062,193.6300048828125,47477700
2023-12-08,193.35272216796875,195.7100067138672,195.99000549316406,193.6699981689453,194.1999969482422,53406400
2023-12-11,190.85321044921875,193.17999267578125,193.49000549316406,191.4199981689453,193.11000061035156,60943700
2023-12-12,192.36476135253906,194.7100067138672,194.72000122070312,191.72000122070312,193.0800018310547,52696900
2023-12-13,195.5756378173828,197.9600067138672,198.0,194.85000610351562,195.08999633789062,70404200
2023-12-14,195.72381591796875,198.11000061035156,199.6199951171875,196.16000366210938,198.02000427246094,66831600
2023-12-15,195.19032287597656,197.57000732421875,198.39999389648438,197.0,197.52999877929688,128538400
2023-12-18,193.53054809570312,195.88999938964844,196.6300048828125,194.38999938964844,196.08999633789062,55751900
2023-12-19,194.5679168701172,196.94000244140625,196.9499969482422,195.88999938964844,196.16000366210938,40714100
2023-12-20,192.48333740234375,194.8300018310547,197.67999267578125,194.8300018310547,196.89999389648438,52242800
2023-12-21,192.33509826660156,194.67999267578125,197.0800018310547,193.5,196.10000610351562,46482500
2023-12-22,191.2681427001953,193.60000610351562,195.41000366210938,192.97000122070312,195.17999267578125,37149600
2023-12-26,190.72476196289062,193.0500030517578,193.88999938964844,192.8300018310547,193.61000061035156,28919300
2023-12-27,190.82354736328125,193.14999389648438,193.5,191.08999633789062,192.49000549316406,48087700
2023-12-28,191.24835205078125,193.5800018310547,194.66000366210938,193.1699981689453,194.13999938964844,34049900
2023-12-29,190.21099853515625,192.52999877929688,194.39999389648438,191.72999572753906,193.89999389648438,42672100
2024-01-02,183.40403747558594,185.63999938964844,188.44000244140625,183.88999938964844,187.14999389648438,82488700
2024-01-03,182.03076171875,184.25,185.8800048828125,183.42999267578125,184.22000122070312,58414500
2024-01-04,179.71893310546875,181.91000366210938,183.08999633789062,180.8800048828125,182.14999389648438,71983600
2024-01-05,178.9977569580078,181.17999267578125,182.75999450683594,180.1699981689453,181.99000549316406,62379700
2024-01-08,183.32496643066406,185.55999755859375,185.60000610351562,181.5,182.08999633789062,59144500
2024-01-09,182.9100341796875,185.13999938964844,185.14999389648438,182.72999572753906,183.9199981689453,42841800
2024-01-10,183.9473876953125,186.19000244140625,186.39999389648438,183.9199981689453,184.35000610351562,46792900
2024-01-11,183.35458374023438,185.58999633789062,187.0500030517578,183.6199951171875,186.5399932861328,49128400
2024-01-12,183.6806182861328,185.9199981689453,186.74000549316406,185.19000244140625,186.05999755859375,40477800
2024-01-16,181.418212890625,183.6300048828125,184.25999450683594,180.92999267578125,182.16000366210938,65603000
2024-01-17,180.4796600341797,182.67999267578125,182.92999267578125,180.3000030517578,181.27000427246094,47317400
2024-01-18,186.3579864501953,188.6300048828125,189.13999938964844,185.8300018310547,186.08999633789062,78005800
2024-01-19,189.25267028808594,191.55999755859375,191.9499969482422,188.82000732421875,189.3300018310547,68903000
2024-01-22,191.5546417236328,193.88999938964844,195.3300018310547,192.25999450683594,192.3000030517578,60133900
2024-01-23,192.8291015625,195.17999267578125,195.75,193.8300018310547,195.02000427246094,42355600
2024-01-24,192.15728759765625,194.5,196.3800048828125,194.33999633789062,195.4199981689453,53631300
2024-01-25,191.83126831054688,194.1699981689453,196.27000427246094,193.11000061035156,195.22000122070312,54822100
2024-01-26,190.1023406982422,192.4199981689453,194.75999450683594,191.94000244140625,194.27000427246094,44594000
2024-01-29,189.42066955566406,191.72999572753906,192.1999969482422,189.5800018310547,192.00999450683594,47145600
2024-01-30,185.77513122558594,188.0399932861328,191.8000030517578,187.47000122070312,190.94000244140625,55859400
2024-01-31,182.17893981933594,184.39999389648438,187.10000610351562,184.35000610351562,187.0399932861328,55467800
2024-02-01,184.6093292236328,186.86000061035156,186.9499969482422,183.82000732421875,183.99000549316406,64885400
2024-02-02,183.61148071289062,185.85000610351562,187.3300018310547,179.25,179.86000061035156,102551700
2024-02-05,185.41943359375,187.67999267578125,189.25,185.83999633789062,188.14999389648438,69668800
2024-02-06,187.01992797851562,189.3000030517578,189.30999755859375,186.77000427246094,186.86000061035156,43490800
2024-02-07,187.1285858154297,189.41000366210938,191.0500030517578,188.61000061035156,190.63999938964844,53439000
2024-02-08,186.0517578125,188.32000732421875,189.5399932861328,187.35000610351562,189.38999938964844,40962000
2024-02-09,186.8134307861328,188.85000610351562,189.99000549316406,188.0,188.64999389648438,45155200
2024-02-12,185.1317596435547,187.14999389648438,188.6699981689453,186.7899932861328,188.4199981689453,41781900
2024-02-13,183.04449462890625,185.0399932861328,186.2100067138672,183.50999450683594,185.77000427246094,56529500
2024-02-14,182.16409301757812,184.14999389648438,185.52999877929688,182.44000244140625,185.32000732421875,54630500
2024-02-15,181.87722778320312,183.86000061035156,184.49000549316406,181.35000610351562,183.5500030517578,65434500
2024-02-16,180.34396362304688,182.30999755859375,184.85000610351562,181.6699981689453,183.4199981689453,49752500
2024-02-20,179.60203552246094,181.55999755859375,182.42999267578125,180.0,181.7899932861328,53665600
2024-02-21,180.35385131835938,182.32000732421875,182.88999938964844,180.66000366210938,181.94000244140625,41371400
2024-02-22,182.38174438476562,184.3699951171875,184.9600067138672,182.4600067138672,183.47999572753906,52292200
2024-02-23,180.55169677734375,182.52000427246094,185.0399932861328,182.22999572753906,185.00999450683594,45119700
2024-02-26,179.20635986328125,181.16000366210938,182.75999450683594,180.64999389648438,182.24000549316406,40867400
2024-02-27,180.66049194335938,182.6300048828125,183.9199981689453,179.55999755859375,181.10000610351562,54318900
2024-02-28,179.46353149414062,181.4199981689453,183.1199951171875,180.1300048828125,182.50999450683594,48953900
2024-02-29,178.80079650878906,180.75,182.57000732421875,179.52999877929688,181.27000427246094,136682600
2024-03-01,177.7225341796875,179.66000366210938,180.52999877929688,177.3800048828125,179.5500030517578,73563100
2024-03-04,173.2117156982422,175.10000610351562,176.89999389648438,173.7899932861328,176.14999389648438,81510100
2024-03-05,168.285400390625,170.1199951171875,172.0399932861328,169.6199951171875,170.75999450683594,95132400
2024-03-06,167.29617309570312,169.1199951171875,171.24000549316406,168.67999267578125,171.05999755859375,68587700
2024-03-07,167.17747497558594,169.0,170.72999572753906,168.49000549316406,169.14999389648438,71765100
2024-03-08,168.88880920410156,170.72999572753906,173.6999969482422,168.94000244140625,169.0,76267000
2024-03-11,170.88702392578125,172.75,174.3800048828125,172.0500030517578,172.94000244140625,60139500
2024-03-12,171.36184692382812,173.22999572753906,174.02999877929688,171.00999450683594,173.14999389648438,59825400
2024-03-13,169.28453063964844,171.1300048828125,173.19000244140625,170.75999450683594,172.77000427246094,52488700
2024-03-14,171.13433837890625,173.0,174.30999755859375,172.0500030517578,172.91000366210938,72913500
2024-03-15,170.75845336914062,172.6199951171875,172.6199951171875,170.2899932861328,171.1699981689453,121752700
2024-03-18,171.8466033935547,173.72000122070312,177.7100067138672,173.52000427246094,175.57000732421875,75604200
2024-03-19,174.18115234375,176.0800018310547,176.61000061035156,173.02999877929688,174.33999633789062,55215200
2024-03-20,176.74322509765625,178.6699981689453,178.6699981689453,175.08999633789062,175.72000122070312,53423100
2024-03-21,169.5219268798828,171.3699951171875,177.49000549316406,170.83999633789062,177.0500030517578,106181300
2024-03-22,170.422119140625,172.27999877929688,173.0500030517578,170.05999755859375,171.75999450683594,71160100
2024-03-25,169.00755310058594,170.85000610351562,171.94000244140625,169.4499969482422,170.57000732421875,54288300
2024-03-26,167.87982177734375,169.7100067138672,171.4199981689453,169.5800018310547,170.0,57388400
2024-03-27,171.44102478027344,173.30999755859375,173.60000610351562,170.11000061035156,170.41000366210938,60273300
2024-03-28,169.63070678710938,171.47999572753906,172.22999572753906,170.50999450683594,171.75,65672700
2024-04-01,168.19638061523438,170.02999877929688,171.25,169.47999572753906,171.19000244140625,46240500
2024-04-02,167.01919555664062,168.83999633789062,169.33999633789062,168.22999572753906,169.0800018310547,49329500
2024-04-03,167.8204803466797,169.64999389648438,170.67999267578125,168.5800018310547,168.7899932861328,47691700
2024-04-04,166.99945068359375,168.82000732421875,171.9199981689453,168.82000732421875,170.2899932861328,53704400
2024-04-05,167.75120544433594,169.5800018310547,170.38999938964844,168.9499969482422,169.58999633789062,42104800
2024-04-08,166.63343811035156,168.4499969482422,169.1999969482422,168.24000549316406,169.02999877929688,37425500
2024-04-09,167.84027099609375,169.6699981689453,170.0800018310547,168.35000610351562,168.6999969482422,42373800
2024-04-10,165.9706268310547,167.77999877929688,169.08999633789062,167.11000061035156,168.8000030517578,49709300
2024-04-11,173.15232849121094,175.0399932861328,175.4600067138672,168.16000366210938,168.33999633789062,91070300
2024-04-12,174.6460723876953,176.5500030517578,178.36000061035156,174.2100067138672,174.25999450683594,101670900
2024-04-15,170.82769775390625,172.69000244140625,176.6300048828125,172.5,175.36000061035156,73531800
2024-04-16,167.55340576171875,169.3800048828125,173.75999450683594,168.27000427246094,171.75,73711200
2024-04-17,166.18826293945312,168.0,170.64999389648438,168.0,169.61000061035156,50901200
2024-04-18,165.2386016845703,167.0399932861328,168.63999938964844,166.5500030517578,168.02999877929688,43122900
2024-04-19,163.22061157226562,165.0,166.39999389648438,164.0800018310547,166.2100067138672,68149400
2024-04-22,164.0515594482422,165.83999633789062,167.25999450683594,164.77000427246094,165.52000427246094,48116400
2024-04-23,165.10012817382812,166.89999389648438,167.0500030517578,164.9199981689453,165.35000610351562,49537800
2024-04-24,167.19729614257812,169.02000427246094,169.3000030517578,166.2100067138672,166.5399932861328,48251800
2024-04-25,168.05792236328125,169.88999938964844,170.61000061035156,168.14999389648438,169.52999877929688,50558300
2024-04-26,167.4742431640625,169.3000030517578,171.33999633789062,169.17999267578125,169.8800048828125,44838400
2024-04-29,171.6289520263672,173.5,176.02999877929688,173.10000610351562,173.3699951171875,68169400
2024-04-30,168.49314880371094,170.3300018310547,174.99000549316406,170.0,173.3300018310547,65934800
2024-05-01,167.4742431640625,169.3000030517578,172.7100067138672,169.11000061035156,169.5800018310547,50383100
2024-05-02,171.16404724121094,173.02999877929688,173.4199981689453,170.88999938964844,172.50999450683594,94214900
2024-05-03,181.4024200439453,183.3800048828125,187.0,182.66000366210938,186.64999389648438,163224100
2024-05-06,179.75042724609375,181.7100067138672,184.1999969482422,180.4199981689453,182.35000610351562,78569700
2024-05-07,180.4329833984375,182.39999389648438,184.89999389648438,181.32000732421875,183.4499969482422,77305800
2024-05-08,180.769287109375,182.74000549316406,183.07000732421875,181.4499969482422,182.85000610351562,45057100
2024-05-09,182.57958984375,184.57000732421875,184.66000366210938,182.11000061035156,182.55999755859375,48983000
2024-05-10,181.32156372070312,183.0500030517578,185.08999633789062,182.1300048828125,184.89999389648438,50759500
2024-05-13,184.52105712890625,186.27999877929688,187.10000610351562,184.6199951171875,185.44000244140625,72044800
2024-05-14,185.66018676757812,187.42999267578125,188.3000030517578,186.2899932861328,187.50999450683594,52393600
2024-05-15,187.9285888671875,189.72000122070312,190.64999389648438,187.3699951171875,187.91000366210938,70400000
2024-05-16,188.04745483398438,189.83999633789062,191.10000610351562,189.66000366210938,190.47000122070312,52845200
2024-05-17,188.07717895507812,189.8699951171875,190.80999755859375,189.17999267578125,189.50999450683594,41282900
2024-05-20,189.23614501953125,191.0399932861328,191.9199981689453,189.00999450683594,189.3300018310547,44361300
2024-05-21,190.53378295898438,192.35000610351562,192.72999572753906,190.9199981689453,191.08999633789062,42309400
2024-05-22,189.0974578857422,190.89999389648438,192.82000732421875,190.27000427246094,192.27000427246094,34648500
2024-05-23,185.11541748046875,186.8800048828125,191.0,186.6300048828125,190.97999572753906,51005900
2024-05-24,188.18612670898438,189.97999572753906,190.5800018310547,188.0399932861328,188.82000732421875,36327000
2024-05-28,188.196044921875,189.99000549316406,193.0,189.10000610351562,191.50999450683594,52280100
2024-05-29,188.4932098388672,190.2899932861328,192.25,189.50999450683594,189.61000061035156,53068000
2024-05-30,189.4837646484375,191.2899932861328,192.17999267578125,190.6300048828125,190.75999450683594,49889100
2024-05-31,190.43470764160156,192.25,192.57000732421875,189.91000366210938,191.44000244140625,75158300
2024-06-03,192.19790649414062,194.02999877929688,194.99000549316406,192.52000427246094,192.89999389648438,50080500
2024-06-04,192.51487731933594,194.35000610351562,195.32000732421875,193.02999877929688,194.63999938964844,47471400
2024-06-05,194.02052307128906,195.8699951171875,196.89999389648438,194.8699951171875,195.39999389648438,54156800
2024-06-06,192.64364624023438,194.47999572753906,196.5,194.1699981689453,195.69000244140625,41181800
2024-06-07,195.03086853027344,196.88999938964844,196.94000244140625,194.13999938964844,194.64999389648438,53103900
2024-06-10,191.29649353027344,193.1199951171875,197.3000030517578,192.14999389648438,196.89999389648438,97010200
2024-06-11,205.19400024414062,207.14999389648438,207.16000366210938,193.6300048828125,193.64999389648438,172373300
2024-06-12,211.05813598632812,213.07000732421875,220.1999969482422,206.89999389648438,207.3699951171875,198134300
2024-06-13,212.2170867919922,214.24000549316406,216.75,211.60000610351562,214.74000549316406,97862700
2024-06-14,210.48358154296875,212.49000549316406,215.1699981689453,211.3000030517578,213.85000610351562,70122700
2024-06-17,214.62411499023438,216.6699981689453,218.9499969482422,212.72000122070312,213.3699951171875,93728300
2024-06-18,212.26658630371094,214.2899932861328,218.6300048828125,213.0,217.58999633789062,79943300
2024-06-20,207.70013427734375,209.67999267578125,214.24000549316406,208.85000610351562,213.92999267578125,86172500
2024-06-21,205.53082275390625,207.49000549316406,211.88999938964844,207.11000061035156,210.38999938964844,241805100
2024-06-24,206.17466735839844,208.13999938964844,212.6999969482422,206.58999633789062,207.72000122070312,80727000
2024-06-25,207.0958709716797,209.07000732421875,211.3800048828125,208.61000061035156,209.14999389648438,55549700
2024-06-26,211.23643493652344,213.25,214.86000061035156,210.63999938964844,211.5,66213200
2024-06-27,212.07839965820312,214.10000610351562,215.74000549316406,212.35000610351562,214.69000244140625,49772700
2024-06-28,208.6312255859375,210.6199951171875,216.07000732421875,210.3000030517578,215.77000427246094,82542700
2024-07-01,214.70335388183594,216.75,217.50999450683594,211.9199981689453,212.08999633789062,60402900
2024-07-02,218.19012451171875,220.27000427246094,220.3800048828125,215.10000610351562,216.14999389648438,58046200
2024-07-03,219.45803833007812,221.5500030517578,221.5500030517578,219.02999877929688,220.0,37369800
2024-07-05,224.2028045654297,226.33999633789062,226.4499969482422,221.64999389648438,221.64999389648438,60412400
2024-07-08,225.66883850097656,227.82000732421875,227.85000610351562,223.25,227.08999633789062,59085900
2024-07-09,226.52073669433594,228.67999267578125,229.39999389648438,226.3699951171875,227.92999267578125,48076100
2024-07-10,230.7801055908203,232.97999572753906,233.0800018310547,229.25,229.3000030517578,62627700
2024-07-11,225.4212188720703,227.57000732421875,232.38999938964844,225.77000427246094,231.38999938964844,64710600
2024-07-12,228.36312866210938,230.5399932861328,232.63999938964844,228.67999267578125,228.9199981689453,53046500
2024-07-15,232.18670654296875,234.39999389648438,237.22999572753906,233.08999633789062,236.47999572753906,62631300
2024-07-16,232.60275268554688,234.82000732421875,236.27000427246094,232.3300018310547,235.0,43234300
2024-07-17,226.71884155273438,228.8800048828125,231.4600067138672,226.63999938964844,229.4499969482422,57345900
2024-07-18,222.06321716308594,224.17999267578125,230.44000244140625,222.27000427246094,230.27999877929688,66034600
2024-07-19,222.1919708251953,224.30999755859375,226.8000030517578,223.27999877929688,224.82000732421875,49151500
2024-07-22,221.84530639648438,223.9600067138672,227.77999877929688,223.08999633789062,227.00999450683594,48201800
2024-07-23,222.8853759765625,225.00999450683594,226.94000244140625,222.67999267578125,224.3699951171875,39960300
2024-07-24,216.47647094726562,218.5399932861328,224.8000030517578,217.1300048828125,224.0,61777600
2024-07-25,215.43638610839844,217.49000549316406,220.85000610351562,214.6199951171875,218.92999267578125,51391200
2024-07-26,215.90196228027344,217.9600067138672,219.49000549316406,216.00999450683594,218.6999969482422,41601300
2024-07-29,216.17929077148438,218.24000549316406,219.3000030517578,215.75,216.9600067138672,36311800
2024-07-30,216.7340087890625,218.8000030517578,220.3300018310547,216.1199951171875,219.19000244140625,41643800
2024-07-31,219.98306274414062,222.0800018310547,223.82000732421875,220.6300048828125,221.44000244140625,50036300
2024-08-01,216.29815673828125,218.36000061035156,224.47999572753906,217.02000427246094,224.3699951171875,62501000
2024-08-02,217.78402709960938,219.86000061035156,225.60000610351562,217.7100067138672,219.14999389648438,105568600
2024-08-05,207.2939910888672,209.27000427246094,213.5,196.0,199.08999633789062,119548600
2024-08-06,205.2732696533203,207.22999572753906,209.99000549316406,201.07000732421875,205.3000030517578,69660500
2024-08-07,207.83883666992188,209.82000732421875,213.63999938964844,206.38999938964844,206.89999389648438,63516400
2024-08-08,211.29583740234375,213.30999755859375,214.1999969482422,208.8300018310547,213.11000061035156,47161100
2024-08-09,214.1981964111328,216.24000549316406,216.77999877929688,211.97000122070312,212.10000610351562,42201600
2024-08-12,215.72540283203125,217.52999877929688,219.50999450683594,215.60000610351562,216.07000732421875,38028100
2024-08-13,219.43438720703125,221.27000427246094,221.88999938964844,219.00999450683594,219.00999450683594,44155300
2024-08-14,219.88064575195312,221.72000122070312,223.02999877929688,219.6999969482422,220.57000732421875,41960600
2024-08-15,222.85577392578125,224.72000122070312,225.35000610351562,222.75999450683594,224.60000610351562,46414000
2024-08-16,224.17474365234375,226.0500030517578,226.8300018310547,223.64999389648438,223.9199981689453,44340200
2024-08-19,224.0160675048828,225.88999938964844,225.99000549316406,223.0399932861328,225.72000122070312,40687800
2024-08-20,224.63088989257812,226.50999450683594,227.1699981689453,225.4499969482422,225.77000427246094,30299000
2024-08-21,224.52182006835938,226.39999389648438,227.97999572753906,225.0500030517578,226.52000427246094,34765500
2024-08-22,222.66734313964844,224.52999877929688,228.33999633789062,223.89999389648438,227.7899932861328,43695300
2024-08-23,224.9581756591797,226.83999633789062,228.22000122070312,224.3300018310547,225.66000366210938,38677300
2024-08-26,225.2953338623047,227.17999267578125,227.27999877929688,223.88999938964844,226.75999450683594,30602200
2024-08-27,226.13827514648438,228.02999877929688,228.85000610351562,224.88999938964844,226.0,35934600
2024-08-28,224.61109924316406,226.49000549316406,229.86000061035156,225.67999267578125,227.9199981689453,38052200
2024-08-29,227.88372802734375,229.7899932861328,232.9199981689453,228.8800048828125,230.10000610351562,51906300
2024-08-30,227.10028076171875,229.0,230.39999389648438,227.47999572753906,230.19000244140625,52990800
2024-09-03,220.9219512939453,222.77000427246094,229.0,221.1699981689453,228.5500030517578,50190600
2024-09-04,219.01788330078125,220.85000610351562,221.77999877929688,217.47999572753906,221.66000366210938,43840200
2024-09-05,220.53517150878906,222.3800048828125,225.47999572753906,221.52000427246094,221.6300048828125,36615400
2024-09-06,218.98812866210938,220.82000732421875,225.24000549316406,219.77000427246094,223.9499969482422,48423000
2024-09-09,219.07736206054688,220.91000366210938,221.27000427246094,216.7100067138672,220.82000732421875,67180000
2024-09-10,218.28399658203125,220.11000061035156,221.47999572753906,216.72999572753906,218.9199981689453,51591000
2024-09-11,220.8128662109375,222.66000366210938,223.08999633789062,217.88999938964844,221.4600067138672,44587100
2024-09-12,220.9219512939453,222.77000427246094,223.5500030517578,219.82000732421875,222.5,37455600
2024-09-13,220.6541748046875,222.5,224.0399932861328,221.91000366210938,223.5800018310547,36766600
2024-09-16,214.52548217773438,216.32000732421875,217.22000122070312,213.9199981689453,216.5399932861328,59357400
2024-09-17,214.99156188964844,216.7899932861328,216.89999389648438,214.5,215.75,45519300
2024-09-18,218.85919189453125,220.69000244140625,222.7100067138672,217.5399932861328,217.5500030517578,59894900
2024-09-19,226.97132873535156,228.8699951171875,229.82000732421875,224.6300048828125,224.99000549316406,66781300
2024-09-20,226.306884765625,228.1999969482422,233.08999633789062,227.6199951171875,229.97000122070312,318679900
2024-09-23,224.5912628173828,226.47000122070312,229.4499969482422,225.80999755859375,227.33999633789062,54146000
2024-09-24,225.48377990722656,227.3699951171875,229.35000610351562,225.72999572753906,228.64999389648438,43556100
2024-09-25,224.4920654296875,226.3699951171875,227.2899932861328,224.02000427246094,224.92999267578125,42308700
2024-09-26,225.63253784179688,227.52000427246094,228.5,225.41000366210938,227.3000030517578,36636700
2024-09-27,225.90029907226562,227.7899932861328,229.52000427246094,227.3000030517578,228.4600067138672,34026000
2024-09-30,231.06710815429688,233.0,233.0,229.64999389648438,230.0399932861328,54541900
2024-10-01,224.3334197998047,226.2100067138672,229.64999389648438,223.74000549316406,229.52000427246094,63285000
2024-10-02,224.89866638183594,226.77999877929688,227.3699951171875,223.02000427246094,225.88999938964844,32880600
2024-10-03,223.7978973388672,225.6699981689453,226.80999755859375,223.32000732421875,225.13999938964844,34044200
2024-10-04,224.91851806640625,226.8000030517578,228.0,224.1300048828125,227.89999389648438,37245100
2024-10-07,219.8509063720703,221.69000244140625,225.69000244140625,221.3300018310547,224.5,39505400
2024-10-08,223.89707946777344,225.77000427246094,225.97999572753906,223.25,224.3000030517578,31855700
2024-10-09,227.6357879638672,229.5399932861328,229.75,224.8300018310547,225.22999572753906,33591100
2024-10-10,227.13995361328125,229.0399932861328,229.5,227.1699981689453,227.77999877929688,28183500
2024-10-11,225.6623077392578,227.5500030517578,229.41000366210938,227.33999633789062,229.3000030517578,31759200
2024-10-14,229.38119506835938,231.3000030517578,231.72999572753906,228.60000610351562,228.6999969482422,39882100
2024-10-15,231.9100341796875,233.85000610351562,237.49000549316406,232.3699951171875,233.61000061035156,64751400
2024-10-16,229.857177734375,231.77999877929688,232.1199951171875,229.83999633789062,231.60000610351562,34082200
2024-10-17,230.22413635253906,232.14999389648438,233.85000610351562,230.52000427246094,233.42999267578125,32993800
2024-10-18,233.05047607421875,235.0,236.17999267578125,234.00999450683594,236.17999267578125,46431500
2024-10-21,234.51820373535156,236.47999572753906,236.85000610351562,234.4499969482422,234.4499969482422,36254500
2024-10-22,233.9033660888672,235.86000061035156,236.22000122070312,232.60000610351562,233.88999938964844,38846600
2024-10-23,228.8456573486328,230.75999450683594,235.13999938964844,227.75999450683594,234.0800018310547,52287000
2024-10-24,228.65724182128906,230.57000732421875,230.82000732421875,228.41000366210938,229.97999572753906,31109500
2024-10-25,229.49026489257812,231.41000366210938,233.22000122070312,229.57000732421875,229.74000549316406,38802300
2024-10-28,231.46376037597656,233.39999389648438,234.72999572753906,232.5500030517578,233.32000732421875,36087100
2024-10-29,231.73153686523438,233.6699981689453,234.3300018310547,232.32000732421875,233.10000610351562,35417200
2024-10-30,228.19113159179688,230.10000610351562,233.47000122070312,229.5500030517578,232.61000061035156,47070900
2024-10-31,224.03590393066406,225.91000366210938,229.8300018310547,225.3699951171875,229.33999633789062,64370100
2024-11-01,221.06077575683594,222.91000366210938,225.35000610351562,220.27000427246094,220.97000122070312,65276700
2024-11-04,220.16824340820312,222.00999450683594,222.7899932861328,219.7100067138672,220.99000549316406,44944500
2024-11-05,221.5962677001953,223.4499969482422,223.9499969482422,221.13999938964844,221.8000030517578,28111300
2024-11-06,220.8723602294922,222.72000122070312,226.07000732421875,221.19000244140625,222.61000061035156,54561100
2024-11-07,225.59286499023438,227.47999572753906,227.8800048828125,224.57000732421875,224.6300048828125,42137700
2024-11-08,225.32481384277344,226.9600067138672,228.66000366210938,226.41000366210938,227.1699981689453,38328800
2024-11-11,222.61447143554688,224.22999572753906,225.6999969482422,221.5,225.0,42005600
2024-11-12,222.61447143554688,224.22999572753906,225.58999633789062,223.36000061035156,224.5500030517578,40398300
2024-11-13,223.49806213378906,225.1199951171875,226.64999389648438,222.75999450683594,224.00999450683594,48566200
2024-11-14,226.5757598876953,228.22000122070312,228.8699951171875,225.0,225.02000427246094,44923900
2024-11-15,223.37893676757812,225.0,226.9199981689453,224.27000427246094,226.39999389648438,47923700
2024-11-18,226.377197265625,228.02000427246094,229.74000549316406,225.1699981689453,225.25,44633700
2024-11-19,226.63528442382812,228.27999877929688,230.16000366210938,226.66000366210938,226.97999572753906,36211800
2024-11-20,227.3501434326172,229.0,229.92999267578125,225.88999938964844,228.05999755859375,35169600
2024-11-21,226.8735809326172,228.52000427246094,230.16000366210938,225.7100067138672,228.8800048828125,42108300
2024-11-22,228.21383666992188,229.8699951171875,230.72000122070312,228.05999755859375,228.05999755859375,38168300
2024-11-25,231.19223022460938,232.8699951171875,233.25,229.74000549316406,231.4600067138672,90152800
2024-11-26,233.366455078125,235.05999755859375,235.57000732421875,233.3300018310547,233.3300018310547,45986200
2024-11-27,233.23739624023438,234.92999267578125,235.69000244140625,233.80999755859375,234.47000122070312,33498400
2024-11-29,235.62008666992188,237.3300018310547,237.80999755859375,233.97000122070312,234.80999755859375,28481400
2024-12-02,237.8638458251953,239.58999633789062,240.7899932861328,237.16000366210938,237.27000427246094,48137100
2024-12-03,240.90176391601562,242.64999389648438,242.75999450683594,238.89999389648438,239.80999755859375,38861000
2024-12-04,241.2591552734375,243.00999450683594,244.11000061035156,241.25,242.8699951171875,44383900
2024-12-05,241.28895568847656,243.0399932861328,244.5399932861328,242.1300048828125,243.99000549316406,40033900
2024-12-06,241.09039306640625,242.83999633789062,244.6300048828125,242.0800018310547,242.91000366210938,36870600
2024-12-09,244.97222900390625,246.75,247.24000549316406,241.75,241.8300018310547,44649200
2024-12-10,245.98489379882812,247.77000427246094,248.2100067138672,245.33999633789062,246.88999938964844,36914800
2024-12-11,244.71409606933594,246.49000549316406,250.8000030517578,246.25999450683594,247.9600067138672,45205800
2024-12-12,246.17352294921875,247.9600067138672,248.74000549316406,245.67999267578125,246.88999938964844,32777500
2024-12-13,246.34228515625,248.1300048828125,249.2899932861328,246.24000549316406,247.82000732421875,33155300
2024-12-16,249.23130798339844,251.0399932861328,251.3800048828125,247.64999389648438,247.99000549316406,51694800
2024-12-17,251.6537322998047,253.47999572753906,253.8300018310547,249.77999877929688,250.0800018310547,51356400
2024-12-18,246.26287841796875,248.0500030517578,254.27999877929688,247.74000549316406,252.16000366210938,56774100
2024-12-19,247.9903106689453,249.7899932861328,252.0,247.08999633789062,247.5,60882300
2024-12-20,252.656494140625,254.49000549316406,255.0,245.69000244140625,248.0399932861328,147495300
2024-12-23,253.43084716796875,255.27000427246094,255.64999389648438,253.4499969482422,254.77000427246094,40858800
2024-12-24,256.3397521972656,258.20001220703125,258.2099914550781,255.2899932861328,255.49000549316406,23234700
2024-12-26,257.15380859375,259.0199890136719,260.1000061035156,257.6300048828125,258.19000244140625,27237100
2024-12-27,253.74853515625,255.58999633789062,258.70001220703125,253.05999755859375,257.8299865722656,42355300
2024-12-30,250.38294982910156,252.1999969482422,253.5,250.75,252.22999572753906,35557500
2024-12-31,248.61578369140625,250.4199981689453,253.27999877929688,249.42999267578125,252.44000244140625,39480700
